Name,产业,員工人數,网站,創辦人,總資產,成立,總部
盈信控股有限公司,,,"http://www.vantageholdings.com/,http://www.capitalfp.com.hk/eng/index.jsp?co=15",,,,
新世界發展,房地產,"約50,000人（截至2014財政年度）",http://www.nwd.com.hk/,鄭裕彤 、 何善衡 、 楊志雲 等,,,香港 中環皇后大道中16至18號新世界大廈
恒生銀行有限公司,銀行,"9,708（2016年12月）",https://www.hangseng.com/,,,1933年3月3日 英屬香港,香港
新鴻基地產發展有限公司,地產業,"約38,000人",https://www.shkp.com/zh-HK/,郭得勝 、 馮景禧 、 李兆基,,1963年（於1972年8月23日上市）,香港 灣仔 港灣道 30號 新鴻基中心 45樓
會德豐,綜合企業,12600人,http://www.wheelockcompany.com,,,1857年,香港
東方報業集團有限公司,傳媒 ，報刊出版,,http://www.opg.com.hk/,,,1969年,香港
恒隆集團有限公司,地產 、 酒店 、 停車場 、 乾洗,,http://www.hanglung.com/zh-HK/group/home,陳曾熙 、 陳曾燾,,,香港 中环德辅道中四号渣打银行大厦二十八楼
恒基兆業地產,地产,約8000人,http://www.hld.com,李兆基,,1973年1月16日,香港島 中環 金融街 8號 國際金融中心 二期71-76樓
電訊盈科有限公司,電訊,"23,800名 （2017年）",http://www.pccw.com/,,,2000年8月24日,香港 鰂魚涌 英皇道 979號 太古坊 電訊盈科中心 39-42樓
電能實業有限公司,電力,12人（2016年12月31日長期僱員人數） [1],http://www.powerassets.com/,,,1976年,香港 中環 皇后大道中 2號 長江集團中心 20樓2005室
九號運通有限公司,,,http://www.hmdatalink.com/CheungWo/chi/index.html,黃百鳴,,,
希慎興業有限公司,地產,,http://www.hysan.com.hk,利希慎家族,,1970年10月20日 ，​48年前 ​（ 1970-10-20 ） [1],中國 香港特別行政區 銅鑼灣 希慎道 33號 利園一期 49-50樓
太古集團,綜合企業,,http://www.swirepacific.com,約翰·施懷雅,,1923年 [來源請求] 1940年 （現時 法人 ）,香港 金鐘道88號 太古廣場 一座33樓
香港金融投資控股集團,,,http://www.hkfihg.com/,藍國慶,,1991年（高信證券、高信商品期貨） 2000年（高信集團控股）,香港
机场概览,,,,,,,
香港迪士尼樂園,,,https://www.hongkongdisneyland.com/zh-hk/,,,,
香港海洋公園,,,https://www.oceanpark.com.hk/tc,,,,
"机构概况
",,,,,,,
 ,,,,,,1998年7月1日 ( 1998-07-01 ),
 ,,,,,,,
地位,,,,,,,
匯賢產業信託,房地產信託基金,,http://www.huixianreit.com/,,,2011年,香港 皇后大道中2號 長江集團中心 303室
Larry Jewelry ,珠寶業,,http://www.larryjewelry.com,,,1967年,香港
同景新能源,食品業,,http://www.jcgroup.hk/,,,2004年,香港
財華社集團有限公司,金融 、 資訊科技 、 新媒體,100-200名全職僱員,http://www.finet.hk/,,,,香港 灣仔 告士打道 77-79號富通大厦30樓
中國生命集團有限公司,殯儀,209(2017年12月),http://www.sinolifegroup.com,,,,香港 九龍 尖沙咀 柯士甸路22–26號 好兆年行13樓1303室
智傲集團,電腦遊戲 、 手機遊戲,,"http://www.gameone.com/,http://www.gameone.com.hk/",,,,香港
丝路能源服务集团有限公司,能源业,1371 [1],http://www.silkroadenergy.com.hk/,,,2002年,注册地址： 开曼群岛 [1] 公司总部： 香港 上环 干诺道中 168-200号信德中心西座3501室
英記茶莊,,,http://www.yingkeetea.com/main/,,,1881年,香港 柴灣華盛中心
比高集團,電影製作、影院投資及管理、特許權及衍生作品權、跨界市場推廣以及提供互動內容,,http://www.bingogroup.com.hk,,,,香港 中環 德己立街 40號 好利商業大廈10樓 A 及 F 室
修身堂控股有限公司,美容,,http://www.sausantong.com/,,,2000年,香港 中環 德輔道中141號中保集團大廈23樓
中國趨勢控股有限公司,,,,,,1998年,香港
洪橋集團有限公司,礦業,,http://www.8137.hk,,,2007 年,中國
北大青鳥環宇科技,,,http://jbu.com.cn,,,,
中國融保金融集團有限公司,其他金融,,http://www.cafgroup.hk,,,2001 年,香港 北角 渣華道 191號 嘉華國際中心 17樓1703-1705室
HMV數碼中國集團有限公司,,,http://www.china3d8078.com/tch/,,,2001年,九龍 長沙灣 長順街 15號 D2 Place 二期8樓全層（HMV數碼中國集團及中國3D數碼娛樂總寫字樓） 九龍 九龍灣 展貿徑 1號 九龍灣國際展貿中心 7樓774室（GME中國總寫字樓） 香港 銅鑼灣 告士打道 311號 皇室大厦 28樓2808室（種星堂娛樂總寫字樓）
寰亞傳媒集團,影視娛樂,,https://web.archive.org/web/20110321221614/http://www.mediaasia.com/home.php,,,1994年（24－25歲）,香港 新界 葵湧 大連排道 200號 偉倫中心 第2期20樓
縱橫遊,,,https://www.wwpkg.com.hk,,,1979年 [1],香港 九龍 尖沙咀 廣東道28號力寶太陽廣場7樓706–8室
华泰证券股份有限公司,證券,,http://www.htsc.com.cn/,,,1991年4月9日,中国 江苏 南京
東瀛遊,,650人,http://www.egltours.com/,,,1986年,香港 九龍 觀塘 鴻圖道 83號東瀛遊廣場12及15-16樓
中国银河证券股份有限公司,投资银行,,http://www.chinastock.com.cn,中国工商银行 中国农业银行 中国银行 中国建设银行 中華人民共和國財政部 中国人寿,,,中華人民共和國 北京市 西城区 金融大街35號國際企業大廈C座
中国辉山乳业控股有限公司,乳业,,http://www.huishandairy.com/CN/Web/,,,,中国
本間高爾夫股份有限公司,運動用品,744人（截至2011年3月31日,http://www.honmagolf.co.jp/tw/,,,1959年2月18日,〒106-6135 日本 東京都港區六本木6-10-1 六本木新城森大廈35樓
海通證券股份有限公司,證券,,http://www.htsec.com/,,,1988年,中国 上海
海底捞国际控股有限公司,,,http://www.haidilao.com/,张勇,,1994年3月20日 ，​25年前 ​（ 1994-03-20 ） 中华人民共和国 四川省 簡陽市,中国 四川省 簡陽市
北京燃氣藍天控股,能源,,http://www.bgbluesky.com/,,,2000年,香港 中國 廣東 河源
香港電訊有限公司,電訊業,,http://www.hkt.com,,,2011年,香港 鰂鱼涌 英皇道 979号 太古坊 电讯盈科中心39楼
中国光大银行股份有限公司,銀行,42250人（2016年末）,http://www.cebbank.com.cn/,,,1992年8月,中国 北京 西城区 太平桥大街25号中国光大中心
"Fast Retailing Co., Ltd. ",零售,"44,424名 (2017) [2]",http://www.fastretailing.com/,柳井正,,,日本 山口县 山口市 佐山 717-1
申万宏源集團股份有限公司,證券,,http://www.sywg.com,,,1996年9月16日（申银万国成立）,中国 上海市 徐汇区 长乐路 989号世纪商贸广场45层
郑州银行股份有限公司,金融业,3773人,http://www.zzbank.cn,,,2000年,河南省 郑州市 郑东新区 商务外环22号郑银大厦
光大证券股份有限公司,投資銀行,,http://www.ebscn.com/,,,1996年,中國 上海
泰加保險（控股）有限公司,保險,,http://6161.com.hk,黎秉良 、 趙新庭,,1977年,香港 上環 皇后大道中181號 新紀元廣場 低座5樓
哈尔滨银行股份有限公司,金融业,"7,131人","http://www.hrbb.com.cn,http://www.rxvb.com.cn",,,1997年2月,中国 哈尔滨市 道里区 尚志大街160号
招商證券股份有限公司,證券,,http://www.newone.com.cn,,,1991年,中国 广东省 深圳市 福田区 益田路 江苏大厦 38-45层
吉林九台農村商業銀行,银行业,,,,,2008年,中国 吉林省 九台市 新华大街504号
众安在线财产保险 ,保險,"3,000",http://www.zhongan.com,,,2013年,上海
電訊數碼控股有限公司,電訊服務,,http://www.telecomdigital.cc,張恭榮,,1974年,香港 九龍 九龍灣 常悅道 1號恩浩國際中心19樓
中信証券股份有限公司,金融,,http://www.cs.ecitic.com/,,,1999年12月29日,中国 北京市 朝阳区 亮马桥路48号中信证券大厦
星巴克股份有限公司,餐飲業,"238,000 [1] （2016）",http://www.starbucks.com,傑里·鮑德溫 （ 英语 ： Jerry Baldwin ） 吉夫・席格 （ 英语 ： Zev Siegel ） 高登·鲍克,,1971年3月31日 ，​48年前 ​（ 1971-03-31 ） 美國 华盛顿州 西雅图 派克市场,美國 华盛顿州西雅圖
微軟股份有限公司,電腦軟體 電腦硬體 消費電子產品,124000（2016年） [2],"https://www.microsoft.com/,https://www.wikidata.org/wiki/Q2283#P856",比爾·蓋兹 、 保羅·艾倫,,1975年4月4日（44年190天） 美國 新墨西哥州 阿尔伯克基,美國 華盛頓州 雷德蒙德 微软路1号总部园区
"AMGen, Inc.",生物技術,"17,900（2014年12月） [1]",http://www.amgen.com,,,1980年,美國加州 千橡市
思科系统公司,交换机 ， 路由器 ， 防火墙 ， 服务器 ， 软件,"74,200 (2018) [1]",http://cisco.com,Leonard Bosack （ 英语 ： Leonard Bosack ） Sandy Lerner （ 英语 ： Sandy Lerner ）,,1984年12月10日 ，​34年前 ​（ 1984-12-10 ） 美國 加利福尼亚州 旧金山,
洛陽欒川鉬業股份,鉬 業,,http://www.clcmo.com/,,,1982年,中國 河南 洛陽 欒川
大成食品（亞洲）有限公司,食品 加工 業,,http://www.dachanfoodasia.com/,,,1995年,香港 九龍 尖沙咀 廣東道 25號 港威大廈 1座1806室
波司登國際控股有限公司,成衣 生產及銷售,,http://www.bosideng.com/,,,1975年,中国 上海市 杨浦区政府路18号波司登国际大厦
中国能源建设集团有限公司,电力 规划研究、勘测设计业务、装备及设备制造与维修、 房地产 、 投资,16万余人,http://www.ceec.net.cn/,,,2011年9月29日,中华人民共和国 北京市 朝阳区 西大望路26号1号楼
应用材料,半导体,"~14,600 (October 2015) [2]",http://www.appliedmaterials.com,Michael A. McNeilly,,1967.11.10,"圣克拉拉 , 美国"
英特爾股份有限公司,半導體,"106,000（2016年） [3]",http://www.intel.com/,羅伯特·諾伊斯 高登·摩爾 安迪·葛洛夫,,1968年7月18日 ，​51年前 ​（ 1968-07-18 ）,美國 加州 聖克拉拉
中海石油化學股份有限公司,化肥 生產 及 銷售,,http://www.chinabluechem.com.cn/ch/,,,2006年,中國 海南 東方
首創環境控股有限公司,,,http://www.cehl.com.hk/c/index.php,,,,香港 中環 夏慤道 12號 美國銀行中心 16樓1613-1618室
东方证券股份有限公司,投資銀行,,http://www.dfzq.com.cn/,,,1997年,中國 上海
金力集團,鹼性電池 碳性電池 紐扣電池 氧化銀電池 鋰電池 鋅空氣電池 充電電池 充電器,,http://www.goldenpower.com,,,1972年,香港
綠城中國控股有限公司,房地產,,http://www.chinagreentown.com,,,1995年,中國 浙江 杭州
株洲中车时代电氣股份有限公司,鐵路 機械 製造,,http://www.tec.crrczic.cc,,,2005年9月26日,中国 湖南省 株洲市 石峰区 田心街道 时代路
中国国际金融股份有限公司,投资银行,,http://www.cicc.com.cn,中国建设银行 摩根士丹利,,,中華人民共和國 北京市 建國門外大街 1號国贸写字楼2座28层
大成糖業控股有限公司,食品,,http://www.global-sweeteners.com/,,,2006年,香港 金鐘 夏愨道 18號 海富中心 二期2403室
金山软件股份有限公司,软件,,http://www.kingsoft.com/,,,1994年 ( 1994 ),中华人民共和国 北京市
中國奧園股份有限公司,房地產,,http://www.aoyuan.com.cn/,,,1996年,中国 廣東 廣州
青岛银行,金融业,1100余人,http://www.qdccb.com/,,,1996年11月21日,中国 青岛
明輝國際,,,http://www.mingfaigroup.com,,,,香港 九龍 長沙灣 長沙灣道 788號羅氏商業廣場20樓
新疆新鑫礦業,鎳 礦,,http://kunlun.wsfg.hk/chi/index.php,,,2005年,中國 新疆 富蘊
中國動向（集團）有限公司,體育 用品銷售,,http://www.dxsport.com/,,,2007年,中國 北京
中國重汽（香港）有限公司,重型 汽車 製造 及 銷售,,http://www.sinotruk.com/,,,2007年,香港
寶勝國際（控股）有限公司,零售業,"30,300（2018年6月30日）",http://www.pousheng.com,,,1992年 ​（26年前） ​（ 1992 ）,中國上海市虹口區森林灣大廈
达利食品集团有限公司,食品 饮料 生产,,http://www.dali-group.com/,许世辉,,1989年,中国 福建省 泉州市 惠安县 紫山镇 林口
中國罕王控股有限公司,採礦,,"http://www.hankingminning.com,/wiki/Wikipedia:%E5%A4%B1%E6%95%88%E9%93%BE%E6%8E%A5",,,1996 年,香港 中環 皇后大道中 15號 置地廣場 告羅士打大廈 8樓
昆明滇池水務股份有限公司,綜合水務,587名 (2016全職僱員) [2],http://www.kmdcwt.com/,,,2010年12月23日,中华人民共和国 雲南省 昆明市 國家旅游度假區 湖濱路第七水質淨化廠內
美团点评,餐飲外賣、 酒店、旅遊、打车,46662名全職僱員(截至2018年4月30日),https://www.meituan.com,,,2010年3月4日,中国 北京
國際天食集團有限公司,餐饮,,http://www.tanshglobal.com,,,1987年,中国 上海市 杨浦区 佳木斯路777号
保利文化,艺术品经营与拍卖、演出与剧院管理、影院投资管理,,http://www.polyculture.com.cn,,,2000年,中國 北京
北京同仁堂國藥有限公司,中藥產品的生產、零售及批發業務,,https://web.archive.org/web/20150328231252/http://www.tongrentangcm.com/c/default.asp,,,2004年,香港 新界大埔工業邨大景街3號
天津港發展控股有限公司,港口 營運,,http://www.tianjinportdev.com/,,,2005年,香港 銅鑼灣 勿地臣街1號 時代廣場 2座39樓3904-3907室
雅居樂集團控股有限公司,房地產,,http://www.agile.com.cn/,,,1992年,中华人民共和国 廣州
遠洋集團控股有限公司,房地產,,https://www.sinooceangroup.com/,,,1993年,中华人民共和国 北京
百盛商業集團,百貨公司,,"http://www.parkson.com.my/,http://www.parkson.com.cn/",,,1987年,马来西亚 雪蘭莪州 巴生
中国龙工,工程机械 制造， 国际贸易,,http://www.lonking.cn,,,1993年,中国 福建 龙岩 新罗区
巨騰國際控股有限公司,3C產品,30000,http://www.juteng.com.hk/,鄭立彥 、 鄭立育 、 洪再進,,,臺灣 新北市 新莊區民安路287之1號1樓
DBA 電訊(亞洲)控股有限公司,電訊及網絡器材,,,,,,香港 灣仔 港灣道 23號 鷹君中心 23樓2307室
中国恒大集团,房地產,86000（2016年） [2],http://www.evergrande.com/,许家印 持股77.95%,,1996年 中国 广东省 广州市,中国 广东省 深圳市 南山区 海德三道126号卓越后海金融中心3901房
維達國際控股有限公司,紙 業,,http://www.vindapaper.com,,,1985年,中國 廣東 新會
靈寶黃金股份有限公司,黃金,,http://www.lbgold.com/,,,2002年,河南 靈寶
中國建材股份,基建,"40,000人 [1]",http://www.cnbmltd.com/,,,1984年,中國 北京
中国建筑国际,基建,,http://www.csci.com.hk/,,,1979年,香港 灣仔 軒尼詩道 139號中國海外大廈28樓
龍潤茶,茶葉,,http://www.longruntea.com,,,2009 年,香港
鎳資源國控股有限公司,金屬,,http://ir.nickelholdings.com,,,2009 年,香港 上環 干諾道中 168-200號 信德中心 招商局大廈 9樓917-918室
中海油田服務股份,石油 勘察及 鑽井,,http://www.cosl.com.cn/,,,2001年,中國 北京
紫金礦業,礦業,,http://www.zjky.cn/,,,2000年,中华人民共和国 福建省 龍岩市 上杭县
大連港股份有限公司,港口,,http://www.dlport.cn/,,,2005年,中國 遼寧 大連
神威藥業,製藥,,http://www.shineway.com.hk,,,1974 年,中國 河北省 石家莊
晶門科技 ,電子元件,,http://www.solomon-systech.com/,,,1999年 (上市日期:2004年4月8日),香港 新界 沙田 香港科學園 科技大道東3號6樓
香港資源,珠寶,,http://www.hkrh.hk,,,2009 年,香港
中海集裝箱運輸股份有限公司,航運 及 物流,,https://web.archive.org/web/20060706101009/http://www.cscl.com.cn/,,,1997年,中华人民共和国 上海市
中国华融资产管理股份有限公司,,,http://www.chamc.com.cn/,,,1999年11月1日,中国 北京市 西城区 金融大街8号
遠大中國控股,建築建材,"6,937人（2016年中） [2]",https://www.yuandacn.com,康寶華 、 田守良 、 王義君 、 郭忠山,,1993年,中华人民共和国 瀋陽市 經濟技術開發區 (瀋陽市) 十三號街
盈富基金,,,http://www.trahk.com.hk/,,,1999年11月12日,香港
廣州富力地產股份有限公司,房地產,,http://www.rfchina.com/,,,1994年,中國 廣東省 廣州市
上海電氣集團股份有限公司,"電站 , 環保 , 輸配電 , 機床 , 重工 , 電梯 , 軌道交通 , 印包 , 電氣國際 , 電氣財務 , 臨港基地 , 機電股份",,http://www.shanghai-electric.com/,,,2004年,中国 上海市 徐汇区 钦江路 212号
Champion REIT,房地產信託基金,,http://www.championreit.com,,,2006年4月26日,中華人民共和國 香港特别行政區
新奧能源控股有限公司,公用事業,,http://ir.ennenergy.com/en/global/home.php,,,,中國河北省廊坊市
玖龍紙業控股,造 紙,,http://www.ndpaper.com/,,,1995年,中國 廣東 東莞
港燈電力投資有限公司,電力,"1,790人（2016年12月31日長期僱員人數） [2]",http://www.hkelectric.com/,,,,香港
中國鋁業股份,鋁 業,,https://web.archive.org/web/20080513173603/http://www.chalco.com.cn/,,,2001年,中国 北京
上海医药集团股份有限公司,化学药品制剂制造,,http://www.sphchina.com,,,1952年10月（实际） 1994年1月18日 ，​25年前 ​（ 1994-01-18 ） （名义） 上海,上海市 上海市黄浦区太仓路200号1103室 中国（上海）自由贸易试验区张江路92号 皇后大道 15号8楼
中国太平洋保险（集团）股份有限公司,多元化 保险,"85,137 [1]",http://www.cpic.com.cn/,,,1991年,中国 上海市 浦东新区 银城中路190号 交银金融大厦 南塔楼
晋商银行,金融业,,http://www.jshbank.com/,,,2009年2月28日,中国 山西省 太原市 万柏林区 长风西街1号丽华大厦
中國銀行（香港）有限公司,銀行,"14,475 (2011年12月)",http://www.bochk.com/,,,1917年，前身是中國銀行（香港分行），2001年重組成中銀香港,香港 花園道1號中銀大廈
TOM集團,綜合媒體,,http://www.tomgroup.com/,,,2000年,香港 灣仔 港灣道 26號 華潤大廈 16樓1601-1605室
中國電力國際發展,電力,,http://www.chinapower.hk,,,2004年,中國 香港 灣仔 中環廣場 （註冊辦事處） [1]
酷派集團有限公司,消費電子、電腦硬件,5000名員工（2015年）,http://www.coolpad.com,,,中国 廣東省 （1993年 ( 1993 ) ）,中国 廣東省 深圳市
SMI Culture Group Holdings Limited ,傳媒,,http://www.smiculture2366.com,,,1995年,香港
中石化煉化工程,煉油 及 石油 化工,,http://www.segroup.cn/,,,2007年,中國 北京市 朝陽區 胜古中路胜古家园8号楼
英國保誠,金融服務業,"約25,000人（2010年） [2]",http://www.prudential.co.uk/,,,1848年,英國 倫敦
中國航工科技工業股份有限公司,,,http://www.avichina.com/,,,2003年4月30日 ，​16年前 ​（ 2003-04-30 ）,香港中环红棉路8号东昌大厦22楼2202A室
大新銀行集團有限公司,金融業,"2,619人（2015年年底） [2]",http://www.dahsing.com,,,1947年,香港 灣仔告士打道108號 光大中心 36樓
药明康德,受托研究机构 药品 生物治疗 医疗器材,超过14000 (2016),http://www.wuxiapptec.com/,,,2000年 ，​18年前 ​（ 2000 ） IPO日期 2007年8月9日 退市日期 2015年12月10日,中华人民共和国 上海市
太平洋航運集團有限公司,航運 及 物流,,http://www.pacificbasin.com,,,1998年,香港 黃竹坑香葉道2號One Island South 31樓
中國城市基礎設施集團有限公司,地產-中國,,http://www.city-infrastructure.com/,,,2008 年,香港 灣仔 港灣道 18號 中環廣場 62樓6208室
濰柴動力股份有限公司,柴油 發動機,,http://www.weichai.com/,,,1946年,中國 山東省 潍坊市
昇捷管理服務有限公司,,"逾5,600名 [1]",http://www.synergis.com.hk,,,1978年,香港 九龍 觀塘 觀塘道334-336號KT336八樓
京信通信系统控股有限公司,电信通讯,7000名员工（2018年）,http://www.comba.com.cn,,,中华人民共和国 广州市 （1997年 ( 1997 ) ）,广东省 广州市 科学城神州路10号
李寧有限公司,體育 用品銷售,,http://www.lining.com/,李寧,,1990年,中国 北京
中國人民財產保險股份,財產 保險,,https://web.archive.org/web/20080212055835/http://www.piccnet.com.cn/,,,1949年,中国 北京市 朝陽區 建國門外大街2號 北京銀泰中心 B座中國人保財險大廈
内蒙古蒙牛乳业（集团）股份有限公司,乳制品,"4,641名",http://www.mengniu.com.cn/,牛根生,,1999年,中国 内蒙古自治区 呼和浩特市 和林格尔盛乐经济园区
Great Wall Motor,汽车制造业,7万,http://www.gwm.com.cn/,,,1984年 ，​34年前 ​（ 1984 ）,中国 河北省 保定市 长城大街 38°48′55.41″N 115°27′25.59″E ﻿ / ﻿ 38.8153917°N 115.4571083°E ﻿ / 38.8153917; 115.4571083
中國平安保險,金融服務,,http://www.pingan.cn,馬明哲,,1988年 ，​30年前 ​（ 1988 ）,中國 深圳
理文造紙有限公司,造紙,,http://www.leemanpaper.com/,李運強 、 李文俊,,1994年,中國 廣東 東莞
中國金融租賃集團控股  ,其他金融,,http://www.cflg.com.hk,,,2002年,香港 九龍 尖沙咀 梳士巴利道 3號 星光行 8樓811B-814室
中核國際有限公司,核能,,http://www.cnncintl.com/,,,2008 年,香港 灣仔 港灣道 26號 華潤大廈 28樓2809室
美高梅中國控股有限公司,娛樂 業,,http://www.mgmchinaholdings.com/,何超琼,,,香港島 上環 干诺道中200号招商局大厦1402 室
公司类型,,,http://www.hc360.com,,,,中国 北京市 朝阳区 朝阳公园 南路10号院 骏豪中央公园广场 A17层（慧聪集团总部）
黎氏企業控股有限公司,建築及裝修工程,,http://www.lai-si.com/,,,1980年,澳門
广州汽车集团股份有限公司,汽车制造业,,http://www.gagc.com.cn/2009/,,,1997年,中国 广东省 广州市 越秀区 东风中路 448-458号成悦大厦23楼
羚邦集團有限公司,,86名,http://www.medialinkgroupltd.com.hk,趙小燕 [1],,1994年3月15日（羚邦影視） 2000年8月11日（羚邦動畫） 2000年10月13日（羚邦娛樂） 2018年10月29日（羚邦集團）,九龍 尖沙咀 麼地道 75號南洋中心一期十樓1001室
卡撒天嬌,零售業,,"http://www.casablanca.com.hk/,https://www.casablanca.com.hk",鄭斯堅,,1993年,香港
金風科技 ,風力發電,"6,000 （2012年）",http://www.goldwindglobal.com,,,1998年,中国 新疆 烏魯木齊
復星醫藥,製藥 醫療,,https://www.fosunpharma.com,Fosun High Technology Guangxin Technology and 3 others,,1994,中华人民共和国
万科企业股份有限公司,房地产开发,"42,300人",http://www.vanke.com,王石,,1984年5月30日,中国 广东省 深圳市 盐田区 大梅沙环梅路33号
香港醫思醫療集團,醫療服務 健康管理服務 醫學美容服務,,http://umhgp.com/zh,鄧志輝,,2005年,香港 九龍
甘肃银行,金融业,,http://www.gsbankchina.com/,,,2011年11月19日,甘肃省 兰州市
中國聯塑集團控股有限公司,建築材料,,http://www.lesso.com/,,,1986 年,中国 广东省 佛山市 顺德区龙江镇联塑工业村
捷榮集團（香港）有限公司,飲料批發商,,http://www.twcoffee.com/,,,1932年,香港
海航科技投資控股有限公司,,,http://www.acs.com.hk/,,,香港(1995年),香港
中國黃金國際資源有限公司,採礦,,http://www.chinagoldintl.com/,,,2009年,"Suite 660, One Bentall Centre,505 Burrard Street，Vancouver, BC Canada V7X 1M4"
盛京银行,金融业,,http://www.shengjingbank.com.cn,,,1998年10月18日,沈阳
富智康集團有限公司,電子業,"74,234人(2016)",http://ehr.fih-foxconn.com,郭台銘,,中国 深圳市 （2002年4月 ( 2002-04 ) ）,香港 九龙长沙湾青山道538号半岛大厦8楼
中國國際海運集裝箱（集團）股份有限公司,集裝箱 製造,,http://www.cimc.com/web/330/,,,1980年,中國 廣東 深圳
澳至尊國際控股有限公司,保健產品,,http://www.ausupreme.com,蔡志輝主席、蔡何家敏創辦人及行政總裁,,2001年,香港 九龍 觀塘 鴻圖道83號 東瀛遊 廣場28樓E室
安踏體育用品有限公司,體育 用品銷售,,http://www.anta.cn/,,,1994年,中國 福建 晉江
北京金隅股份有限公司,建築材料,,http://www.bbmg.com.cn/,,,1996年,中國 北京
碧桂園控股有限公司,房地產,,http://www.countrygarden.com.cn/,楊國強,,1992年,中国 廣東 佛山 順德
鳳凰衛視控股有限公司,電視 、 廣播 、 廣告 、 平面媒體,"2,529人",http://www.ifeng.com/,,,香港 1996年3月31日,總公司： 香港 新界 大埔 大埔工業邨 大景街2-6號
錦江國際（集團）有限公司,酒店 、 餐飲 服務 、 旅遊 客運 等,,http://www.jinjiang.com/,上海市人民政府,,1991年4月13日 2003年合并重组,中国 上海市 黄浦区 延安东路 100号 联谊大厦 23楼
敏華控股有限公司,加工制造（原料加工/模具）；耐用消费品（服饰/纺织/皮革/家具/家电）；家居/室内设计/装饰装潢 贸易/进出口,"10,495（2018年） [8]",http://www.manwahholdings.com/,黄敏利 [3] 欧阳艳华,,1992年 [2],香港 新界 沙田区 火炭 桂地街10-14号华丽工业中心1楼 [4]
Swire Properties,地產,,http://www.swireproperties.com,,,,香港 鰂魚涌 華蘭路 18號 太古坊 港島東中心 64樓
IMAX中國控股公司,,,http://www.imax.cn/,,,1980年,
中駿集團控股有限公司,房地產,,http://www.sce-re.com/,,,1995年,中國 福建 廈門
重庆银行,金融业,,http://www.cqcbank.com/,,,1996年9月18日,重庆
金沙中國有限公司,博彩 、 娛樂,,http://www.sandschina.com/,,,2009年,澳門 氹仔望德聖母灣大馬路 澳門威尼斯人度假村酒店 L2辦事處
中遠海控,航運業,,http://www.chinacosco.com,,,,中华人民共和国 上海市
融创中国控股有限公司,房地产,,http://www.sunac.com.cn/en/index.php/,孙宏斌,,2003,
周大福（控股）有限公司,綜合企業,,,周至元,,1929年,香港 中環 皇后大道中 16–18號 新世界大廈 33樓
Prada,奢侈品,"2,841",http://www.prada.com,Mario Prada,,1913年,義大利 米兰
新秀麗國際公司,行李箱 製造業、零售業,,http://www.samsonite.com/,傑西·施瓦德（Jesse Schwayder）,,1910年 ( 1910 ) 美國 科羅拉多州 丹佛,美國 麻薩諸塞州 曼斯菲爾德
中國中煤能源股份有限公司,煤炭,,http://www.chinacoalenergy.com/,,,2006年,中國 北京
建滔積層板控股,覆銅面板 生產,"約9,900人（2016年12月31日） [1]",http://www.kblaminates.com/,,,1988年,中國 廣東 深圳
匯源果汁,製造業（果汁）,"30,000人",http://www.huiyuan.com.cn/,,,1992年,北京
中信國際電訊集團有限公司,電信,,http://www.citictel.com/,,,1999年,香港 新界 葵涌 葵福路九十三號中信電訊大廈二十五樓
同方友友控股有限公司,燈飾,,"https://web.archive.org/web/20090209031452/http://pro.neo-neon.com/,https://web.archive.org/web/20090209080815/http://china.neo-neon.com/",,,1979年,香港 中環 夏愨道 12號 美國銀行中心 806-810室
冠轈控股有限公司,汽車分銷,,https://www.guanchaoholdingsltd.com/,陳率堂,,,
依波路,鐘錶業,,http://www.ernestborel.ch,,,1856年,Switzerland Le Noirmont
China Properties Group Limited,房地產,,http://www.cpg-group.com/,,,,香港 中環 畢打街 20號 會德豐大廈 14樓
十方控股有限公司,印刷 、 廣告媒體,超過206,http://www.shifangholding.com/index.php,,,2000年,中國 福建
大昌行集團有限公司,銷售及貿易,,http://www.dch.com.hk,,,1949年,香港
山東招金礦業股份,黃金 開發 及 銷售,,http://www.zhaojin.com.cn/,,,2004年,中國 山東 招遠
中国广核电力股份有限公司,建设、运营及管理核电站，销售该等核电站所发电力，组织开发核电站的设计及科研工作,18663,,,,广东省深圳市福田区深南大道2002号中广核大厦南楼18楼,广东省深圳市福田区深南大道2002号中广核大厦南楼18楼
富贵鸟股份有限公司,輕工業,萬人以上,http://www.fuguiniao.com,,,1991年,中华人民共和国 福建石獅市八七路富貴鳥工業園
合景泰富集團,房地產,,https://www.kwggroupholdings.com/,,,1995年,中国 廣東省 廣州市
山東晨鳴紙業集團股份有限公司,造紙,,http://www.chenmingpaper.com/,,,1996年,中國 山東 壽光
小米集團,消費電子、電腦硬件,15000名員工（2018年）,http://www.mi.com,雷軍,,中国 北京市 （2010年4月6日 ( 2010-04-06 ) ）,中国 北京市 海淀區 清河中街68號華潤五彩城購物中心二期13樓
中國交通建設股份,基建,,http://www.ccccltd.cn/,,,2005年,中国 北京市 西城区 德胜门外大街85号
大唐新能源,新能源,,http://www.dtxny.com.cn/,,,2004年,中國 北京
国泰君安证券股份公司,金融业,,http://www.gtja.com/portal/,,,1992年,中国 上海
广发证券股份有限公司,综合类证券公司,,http://www.gf.com.cn,,,1991年,中国 广东省 广州市 天河区 天河北路 183-187号 大都会广场43楼(4301-4316房)
花樣年控股集團有限公司,房地產,,http://www.cnfantasia.com/,,,1996年,中国 廣東 深圳
精英匯集團控股有限公司,,,,,,,
中国中车股份有限公司,铁路,,http://www.crrcgc.cc/,,,2015年6月1日,中国 北京市 海淀区 西四环中路16号 [2]
毛記葵涌有限公司,傳媒 、 網絡電視 、 廣告 、 出版,110人 （2019）,http://www.tvmost.com.hk/,林日曦 陳強 阿Bu,,2013年,香港 葵涌 同珍工業大廈
博士蛙國際控股有限公司,兒童服裝,,http://www.boshiwa.cn,,,1997年,中國 上海
新意網集團有限公司,資訊科技,,http://www.sunevision.com/,,,2000年,香港 中西區 灣仔 港灣道 30號 新鴻基中心 52樓
環球信貸集團有限公司,信貸業務,,http://www.gic.com.hk,,,2009年,香港 中環 德輔道中19號 環球大廈 23樓2301室
華南城,發展地產項目,,http://www.chinasouthcity.com,,,,
北京同仁堂科技發展股份有限公司,製藥公司,,http://www.tongrentangkj.com/,,,2000年,中华人民共和国
佳兆業控股集團有限公司,房地产开发,"約9,944人（2016年12月31日） [1]",http://www.kaisagroup.com/,,,1999年,香港
中國冶金科工集團公司,冶金,,http://www.mcc.com.cn/,,,1982年,中國 北京 朝阳区 曙光西里28号
福建亲亲食品股份有限公司,膨化食品、果冻,,http://www.hengan.com/,,,1990年,中國 福建 晉江
广州农村商业银行股份有限公司,金融 、 金融機構,"6,584人（2007年末）",,,,1998年9月3日（成立） 2009年12月11日（改制组建）,广州
丽珠医药集团股份有限公司,医药制造业,,,,,1985年1月26日,中国 广东省 珠海市
中国再保险(集团)股份有限公司,再保险,"23,020 (2015年6月30日)",http://www.chinare.com.cn,,,,中国 北京
福寿园国际集团有限公司,服务业,1815 [1],http://www.fsygroup.com/,,,1994年,注册地址： 开曼群岛 [1] 办公地址： 中华人民共和国 上海市 徐汇区 漕溪北路88号圣爱大厦1306室 香港 北角 渣华道 191号嘉华国际中心7楼709室
鴻福堂集團,飲品,,http://www.hungfooktong.com/,,,1986年 ( 1986 ),香港 新界 大埔 大埔工業邨 大景街11號
富臨集團,飲食業,,http://www.fulum.com.hk/,楊潤全、楊維、楊潤基 [1],,1992年,香港 九龍 新蒲崗 六合街8號六合工業大廈15樓
耀才證券金融集團有限公司,金融業 – 證券及經紀,超過300人(截至2017年8月),http://www.bsgroup.com.hk/,葉茂林先生,,1995年,香港 中環德輔道中71號永安集團大廈10樓全層及23樓全層
恆鼎實業,煤炭,,http://www.xhsteel.cn/company/index.asp?id=643,,,2000年,中國 四川 攀枝花
中國宏橋集團有限公司,鋁業,,http://www.hongqiaochina.com,,,,香港 中環 皇后大道中 15號 置地廣場 告羅士打大廈 43樓
特步國際控股有限公司,體育 用品銷售,,/w/index.php?title=Www.xtep.com.hk&action=edit&redlink=1,,,2001年,中国 福建 廈門
三六一度國際有限公司,运动服装 、 体育器材,,http://www.361sport.com/,,,2003年,中国 福建 泉州
中国信达资产管理股份有限公司,,,http://www.cinda.com.cn,,,1999年4月19日,中国 北京市 西城区 闹市口大街九号院1号楼
美图公司,信息技术,,http://corp.meitu.com/,蔡文胜 、 吴欣鸿,,2008年10月,中华人民共和国 福建省 厦门市 软件园二期望海路6号楼2单元1-3层
霸王國際（集團）控股有限公司,日化,,https://web.archive.org/web/20090707093633/http://www.bawang.com.cn/,,,1989年,中国 廣州
雷蛇,电脑硬件 、 消费电子 、 電子錢包,,https://www.razerzone.com,陳民亮 Robert Krakoff,,1998年,美国 加州 圣地亚哥市 新加坡
新華人壽保險股份有限公司,金融 （ 保險 為主）,"57,000人",https://www.newchinalife.com,,,1996年,中國 北京
中國忠旺控股有限公司,鋁 業,,http://www.zhongwang.com/,,,一九九三年,遼寧省 遼陽市
天馬影視文化,影視業,,http://www.pegasusmovie.com,,,,香港
中國人民保險集團股份,保險,,http://www.picc.com,,,1949年 ，​70年前 ​（ 1949 ）,中國 北京市 西城区 西长安街 88号 中国人保大厦
華潤水泥控股有限公司,建材,,http://www.crcement.com.hk/simp/,,,2003年,香港 灣仔 港灣道 26號 華潤大廈 4606-08室
香港寬頻,網絡供應商,,http://www.hkbn.net,王維基,,1999年,香港
翠華控股有限公司,,"約2,850名（2013年3月31日，共同控制實體除外） [1]",http://www.tsuiwah.com/,蔡創波,,1967年,香港 新界 葵涌 梨木道 88號 達利中心 16樓1606至1608室
國電科技環保集團,節能,,,,,2002年,中國 北京
友邦保險控股有限公司,保險業,,http://www.aia.com/,,,1919年2月6日 ，​100年前 ​（ 1919-02-06 ）,香港 中環 干諾道中 1號 友邦金融中心 35樓
香港信貸集團有限公司,信貸業務,,http://www.hkfinance.hk,,,1996年,香港 金鐘道89號 力寶中心 第2座34樓3410室
大唐環境產業,新能源,,http://www.cdt-kjcy.com/,,,1984年,中國 江蘇 南京 （前總部） 中國 北京
蠟筆小新休閒食品集團有限公司,食品,,http://www.lbxxgroup.com,,,中国 2000年 ( 2000 ),中国 福建 晉江
青蛙王子（中国）日化有限公司,护肤品（主要为儿童类）,,http://www.princefrog.com.cn/,,,1995年,中华人民共和国 漳州市 龙文区
專業旅運,旅行社,600位員工,http://www.travelexpert.com.hk,,,1986年,香港 九龍 荔枝角 青山道 485號九龍廣場9樓
雅士利國際控股有限公司,奶製品,,http://www.yashili.com/,,,,廣東潮州市潮安大道雅士利工業城
中渝置地控股有限公司,房地產,,http://www.ccland.com.hk/,,,1992年,香港 灣仔 港灣道 26號華潤大廈33樓3308-10室
信和酒店（集團）有限公司,酒店,,https://web.archive.org/web/20080706115637/http://www.sino-land.com/,,,1994年,香港
中原银行,金融业,,,,,2014年,中国 郑州市 郑东新区 中科金座
永義國際集團有限公司,物業投資及發展,,http://www.easyknit.com,,,1981年,
比亚迪股份有限公司,手機 充電池 ； 汽车 ； 汽车配件,,"http://www.byd.cn,http://www.bydauto.com",王傳福,,1995年,中华人民共和国 廣東省 深圳市 坪山區
中信資源控股有限公司,天然資源,,http://www.citicresources.com/,,,1997年,香港 金鐘 金鐘道88號 太古廣場 一座30樓3001至3006室
克莉丝汀国际控股有限公司,食品零售业,,http://www.christine.com.cn/,,,1993年,中国 上海 普陀区 金沙江路33号
廣南（集團）,食品製造,,http://www.gdguangnan.com/chinese/main_c.php,,,1982年,香港 灣仔 皇后大道東 24至32號金鐘匯中心22樓
美聯集團有限公司,地產代理,,http://www.midland.com.hk/,黃建業 、 馮銳森 [1],,1973年,香港 中環德輔道中19號 環球大廈 25樓2505-8室
中遠海運港口有限公司,港口運營 及 航運,,http://www.coscopac.com.hk/,,,,香港 上環 皇后大道中 183號 中遠大廈 49樓
麥盛資本集團有限公司,貴金屬,,http://cpm.etnet.com.hk/,,,2010年,香港 皇后大道 中99號 中環中心 7809-7812室
皇朝傢俬控股有限公司  ,傢俬,"3,800",http://www.hkroyal.com/,,,1997年,香港 九龍 尖沙咀東 麼地道62號永安廣場5樓204室 中国 廣東 廣州
偉祿集團控股有限公司,綜合企業,,http://www.realord.com.hk,林曉輝 、 蘇嬌華,,2005年,香港 中環 康樂廣場 1號 怡和大廈 24樓2403-10室
華潤燃氣,天然氣,,http://www.crcgas.com/index.asp,,,1999年,香港 灣仔 港灣道 26號 華潤大廈 19樓1901-05室 中华人民共和国 廣東省 深圳市 南山區 科苑南路2666號 中國華潤大廈 19樓
泰山石化,石油化工,,http://www.petrotitan.com/,,,2002年,香港 灣仔 港灣道 30號 新鴻基中心 49樓4902室
時捷集團有限公司,,,,,,,
中國鐵建,基建,,http://www.crcc.cn/,,,1948年,中國 北京
海爾電器集團有限公司,家電,,http://www.haier.net/cn/,,,1997年,中國
順風國際清潔能源有限公司,制造业,1000,http://www.sf-pv.com,魯建清（前首席執行官）和潘猛,,2005,中华人民共和国 江蘇省 武進市 （總部）
兗州煤業股份有限公司,煤炭,,http://www.yanzhoucoal.com.cn/,,,1997年,中國 山東 邹城 凫山南路298号
奧思集團有限公司,零售 、 美容,約1000人( 2011 ),http://www.wateroasis.com.hk/,,,1998年,香港 銅鑼灣 世貿中心十八樓
依利安達集團,電子業,,http://www.eleceltek.com/,,,1973年,香港
中联重科股份有限公司,工业设备,,http://www.zoomlion.com/,,,1992年9月28日,中国 湖南省 长沙市 银盆南路361号
哈爾濱電氣股份有限公司,發電站 設備,,http://www.hpec.com/,,,1994年,中国 黑龍江 哈爾濱
中遠海運能源運輸股份有限公司,航運 及 物流,,http://www.coscoshippingenergy.com//,,,1994年,中华人民共和国 上海市
香港電視網絡有限公司,電子商務 互聯網電視,825人（2017年12月31日）,"https://www.hktvmall.com/,https://www.hokobuy.com/,http://www.hktv.com.hk/big5/global/home.htm,http://tv.hktvmall.com/",,,1992年5月19日 ，​27年前 ​（ 1992-05-19 ） 「城市電訊」 2012年12月4日 易名「香港電視網絡」 2014年11月19日 正式開台（免費網絡電視服務） 2015年2月2日 HKTVmall開業,香港 新界 將軍澳工業村 駿昌街1號
橙天嘉禾娛樂（集團）有限公司,影院營運 電影發行 電影電視製作及融資業務,"1,565人",http://www.osgh.com.hk/,鄒文懷 、 何冠昌 、 梁風,,1970年（ 英屬香港 ）,香港
中國環境資源,農業,,http://www.cergreen.com,,,2009年,香港
中港照相器材,資訊科技器材,,http://www.chinahkphoto.com.hk/,,,1968年,香港 新界 荃灣 德士古道 220至248號荃灣工業中心8樓
永利澳門有限公司 ,娛樂 、 博彩,,http://www.wynnmacaulimited.com/,,,2006年,澳門
沿海綠色家園有限公司,房地產,,http://www.coastal.com.cn/,,,1990年,香港 上環 干諾道 中200號 信德中心 招商局大廈 17樓1712-16室
高力集團有限公司,,,http://www.golik.com.hk/,彭德忠,,1977年,香港 灣仔 港灣道 18號 中環廣場 5608室
中国现代牧业控股有限公司,奶牛养殖和牛奶生产,,http://www.xiandaimuye.com/,邓九强、高丽娜、邓源,,安徽马鞍山市,安徽省马鞍山市当涂县丹阳镇
華晨中國汽車控股有限公司,重工業,,http://www.brilliance-auto.com/,,,,中國遼寧省瀋陽市 百慕達 (註冊地)
長江實業（集團）有限公司,地產 業,,http://www.ckh.com.hk/,李嘉誠,,,香港 中環 皇后大道中 2號 長江集團中心 7-11樓及12樓1201室
健合（H&H）國際控股有限公司,,,http://www.biostime.com.cn,,,1999年,中國 廣東省廣州天河區珠江新城珠江西路5號 廣州國際金融中心 29樓
Chong Hing Bank,金融業,,http://www.chbank.com/,,,1948年,香港
華潤置地有限公司,房地產,,http://www.crland.com.hk/,,,1994年,香港 灣仔 港灣道 26號 華潤大廈 46樓
洛陽玻璃股份有限公司,玻璃 生產 及 銷售,,http://www.zhglb.com/,,,1994年,中国 河南 洛陽
星島新聞集團有限公司,傳媒 ， 報刊 出版,,http://www.singtaonewscorp.com,,,1996年（前身） 2000年,香港 新界 將軍澳工業邨 駿昌街七號星島新聞集團大廈
銘霖控股有限公司  ,印刷及包裝,"3,800",https://web.archive.org/web/20110314182413/http://www.sinohaijing.com/tc/index.html,,,2005年,香港 上環 干諾道中 111號 永安中心 24樓2412室 中国 廣東省 惠州市 潼僑鎮 潼僑工業基地聯發大道19號
有線寬頻通訊有限公司,電視廣播 、 寬頻,"1,940",http://www.i-cablecomm.com/,,,1999年,香港 新界 荃灣 海盛路9號有線電視大樓8樓
國藥控股股份有限公司,藥品分銷和零售,,http://www.sinopharmholding.com/,,,1952年11月（實際） 2003年1月（名義） 中国 上海,中国 上海市 福州路221號6樓
中信大錳,金屬,,http://www.dameng.citic.com/,,,2006 年,香港 中環 夏愨道 12號 美國銀行中心 35樓3501-3502室
路勁基建有限公司,,,,,,,
港華燃氣有限公司,天然氣,,http://www.towngaschina.com/,,,2000年,香港
現代教育,補習社,,http://www.modern.edu.hk,,,1988年,香港北角馬寶道28號華匯中心10樓1006-7室
中國東方電氣集團公司,發電機 製造,,http://www.dec-ltd.cn/,,,1993年,中国 四川 成都
阿爾卡特-朗訊,電信,"62,311（2013） [1]",http://www.alcatel-lucent.com/,,,Alcatel: 1872 Lucent Technologies: 1870 Alcatel-Lucent: 2006,法國 布洛涅-比扬古
代表人物,Conglomerate,,http://www.imperialpacific.com,,,,Hong Kong
山東威高集團醫用高分子製品股份有限公司,,,http://www.weigaogroup.com,,,1988年,中国 山东省 威海市 火炬高新技术产业开发区兴山路18号
雨润集团有限公司,食品,,http://www.yurun.com/,,,1993年,江蘇省 南京市 建邺区
华电国际电力股份有限公司,电力,,http://www.hdpi.com.cn/,,,1994年6月28日,中国 北京市 西城区 宣武门 内大街2号
中國神華能源,煤炭,4.2萬人,http://www.shenhuachina.com,,,1995年,中国 北京
阿里巴巴影業集團有限公司,,,http://www.alibabapictures.com,董平 趙超,,2009年9月17日,中国
粵海製革,皮革,,http://www.gdtann.com.hk/,,,1995年,中國 江蘇
重庆钢铁集团,钢铁,,http://www.cqgtjt.com/,,,1938年,中國 重庆
越秀交通基建有限公司 ,公路 及 橋樑 管理,,https://web.archive.org/web/20080517145306/http://www.gzitransport.com.hk/,,,1997年,香港 灣仔 駱克道160號越秀大廈23樓
時富投資集團有限公司,綜合企業,,http://www.cash.com.hk/zh/home.html,,,1998年,香港 九龍灣宏泰道33號 Mahanttan Place 28樓
中国南方航空,航空运输,,http://www.csair.cn/,,▲ 人民币2187.18亿元(2017),1987年4月9日,广州市 齐心路68号
光宇國際集團科技有限公司,電池,,http://www.cncoslight.com,,,1994年,中國 黑龍江
寰宇娛樂文化集團有限公司,影視業,,http://www.uih.com.hk/,,,,香港
恆安國際集團有限公司,衛生紙品,,http://www.hengan.com/,,,1985年,中国 福建 晉江
長江基建集團,基建,,http://www.cki.com.hk/,,,1996年,香港 中環 皇后大道中 2號 長江集團中心 12樓
金利豐金融集團有限公司,金融,,http://kfg.kingston.com.hk,,,1980年,香港 中環 皇后大道中99號 中環中心 72樓
康宏環球控股有限公司,金融、理財,,http://www.convoy.com.hk/zh_TW/home/,,,1993年,香港 北角 電氣道 169號 康宏匯 39樓
國際娛樂有限公司,,,http://www.ientcorp.com/,,,1998年,香港 中環 康樂廣場 8號交易廣場三座18樓
長壽花食品股份有限公司,食油生產,,http://www.chinacornoil.com/,,,,香港 中環 德輔道中 61-65號 華人銀行大廈 15樓1502室
I.T,時裝及鞋履,,http://www.ithk.com/,,,1988年,香港
嘉年華國際控股有限公司,中國及精選海外旅遊勝地之生活時尚、休閒、娛樂、零售、酒店和旅遊等體驗式消費業務,,"http://www.0996.com.hk/,http://www.carnivalgroup.com.hk/",,,1994年,香港中環干諾道中1號友邦金融中心20樓2003及2005室
联想集团有限公司,消費電子 、電腦硬件,"54,000 (2018)","http://www.lenovo.com,http://www.lenovo.com.cn",柳傳志,,1984年10月17日 ( 1984-10-17 ),中国北京 [1] [2] [3]
大唐国际发电,電力,,http://www.dtpower.com/,,,1994年,中國 北京
永旺集團有限公司,百貨,,http://www.aeon.info/cn/,,,1969年,日本 千葉縣 千葉市 美濱区
聯華超市股份有限公司,零售业,"47,623人（2015年）",,,,1991年5月22日,中华人民共和国 上海市 真光路1258號5-14樓
中芯國際集成電路製造有限公司,电子 、 半导体,"17,967（2016年12月31日）",http://www.smics.com/,张汝京,,2000年4月 开曼群岛,中华人民共和国 上海市 浦东新区 张江路18号
華聯國際多媒體股份有限公司,電影 與 電視劇 製作和發行、藝人經紀、 報紙,,http://www.hualienmedia.com/,,,2012年1月13日 ，​7年前 ​（ 2012-01-13 ） [1],臺灣 台北市 信義區 菸廠路 88號5樓之一 [1]
歐舒丹,個人護理及美容產品,"4,682人（2009年12月31日）",http://www.loccitane.com,奧利維埃·博桑,,1976年,"卢森堡 1, rue du Fort Rheinsheim"
龙湖地产股份有限公司,房地产开发,"14,271人",http://www.longfor.com/,,,1994年2月18日,重庆
华能新能源,,,,,,,中國北京市
信义光能控股有限公司,新能源物料,,http://www.xinyisolar.com/,,,2008年,中国 安徽省 芜湖市 经济技术开发区信义路2号信义玻璃工业园
中國太平保險控股有限公司,保險,,http://www.ctih.cntaiping.com/,,,2000年,香港 銅鑼灣 新寧道8號中國太平大廈第一期22-24樓
宏利金融股份有限公司,金融服務,"84,000",http://www.manulife.com/,,,1887年 ，​131年前 ​（ 1887 ）,加拿大 多倫多
代表人物,,,http://www.man-sang.com/default_c.asp,,,,
中石化冠德,,,http://www.sinopec.com.hk/,,,1998年,中國 北京市
光匯石油( 控股 )有限公司,石油及天然氣,,http://www.bwoil.hk,,,1992年,香港 上環 干諾道西 118號33樓
中国移动通信集團有限公司,電訊,"460,647人（2016年） [1]","http://www.10086.cn,http://www.chinamobileltd.com",,,1997年9月3日,中华人民共和国 北京市 西城区 金融大街 29号
碧生源控股有限公司,医药,,http://www.besunyen.com/,,,2000年,中国 北京市 海淀区 西四环北路 玲珑天地碧生源大厦 香港 湾仔 港湾道 26号 华润大厦 13楼1303室
綜合環保集團有限公司,環保生活用紙 、 再生紙 、 廢紙管理 、 機密材料處理,,http://www.iwsgh.com,梁契權,,1968年,香港 香港 九龍 尖沙咀 廣東道 9號 港威大廈 6座28樓2802室 [1]
龍源電力集團股份有限公司,風力發電,,http://www.clypg.com.cn/,,,1993年,中國 北京
海信家電集團股份有限公司,電器 生產 及 銷售,,http://www.kelon.com/,,,1984年 ，​34年前 ​（ 1984 ）,中国 廣東省 佛山市 順德區
林麥集團有限公司,供應鏈管理,,http://www.linmark.com,,,1964年,香港 九龍 九龍灣 展貿徑一號 九龍灣國際展貿中心 1123室
安徽海螺水泥股份有限公司,水泥 生產 和 銷售,,http://www.conch.cn/,,,1997年,中华人民共和国 安徽省 芜湖市
合一集团,网络视频,,http://c.youku.com/aboutcn/youtu,,,2012年3月12日 ( 2012-03-12 ),中国 北京市
中國三迪控股有限公司,林業,,http://www.chinasandi.com.hk,,,1991年,香港 上環 干諾道中 168–200號 信德中心 西座33樓3309室
华能国际电力,电力,,http://www.hpi.com.cn/,,,1994年,中国 北京
Aeon信貸財務（亞洲）有限公司,其他金融,,http://www.aeon.com.hk,,,,九龍 尖沙咀 彌敦道 132號 美麗華商場 20樓2001-2004及2009-2018室
冠捷科技有限公司,電子 業,,http://www.aoc.com,宣建生,,,臺灣
英皇鐘錶珠寶有限公司,鐘錶 、 珠寶,,http://www.emperorwatchjewellery.com,楊成 （成安記錶行）,,1942年 日佔香港 （成安記錶行）,香港 灣仔 軒尼詩道 288號 英皇集團中心 25樓
位元堂藥業控股,藥業,,http://www.wyth.net/,,,1897年,香港 九龍 九龍灣 宏光道39號 宏天廣場 31樓3101室（辦事處） 香港 新界 元朗工業邨 宏利街9號位元堂藥業大廈（藥廠）
天津發展控股有限公司,綜合企業,,http://www.tianjindev.com/,,,1997年,香港 上環 干諾道中 168至200號 信德中心 招商局大廈 36樓7-13室
中國海洋石油总公司,海上 石油 及 天然氣 開發,,http://www.cnooc.com.cn/,,,1982年,中华人民共和国 北京市 朝阳區 朝阳门 北大街25号
澳門博彩控股有限公司,博彩 、 旅遊,,http://www.sjmholdings.com.hk/zh/,何鴻燊,,2006年2月17日,香港 中環 港景街1號 國際金融中心 一期30樓3001–3006室
廣州白雲山醫藥集團股份有限公司,医药制造业,,http://www.gpc.com.cn,,,1997年,中国 广东省 广州市 沙面北街45号
信義玻璃控股有限公司,玻璃 生產 及 銷售,,http://www.xinyiglass.com,,,1988年,香港九龍觀塘海濱道135號宏基資本大廈21樓
Vision Values Holdings Limited,網絡解決方案 、 項目服務 、 飛機租賃 及 物業投資業務,,http://www.visionvalues.com.hk/,,,1997年 [來源請求],香港
神州数码集团股份有限公司,批发零售,,http://www.digitalchina.com/,,,2000年,中国 广东省 深圳市
中国石油天然气股份有限公司,石油 ， 天然气,"863,824（截至2015年末）",http://www.petrochina.com.cn/,,,1999年,中华人民共和国 北京市 东城区东直门北大街9号
中國水務集團有限公司,綜合水務,,http://www.chinawatergroup.com/,,,1998年,香港 灣仔 港灣道 18號 中環廣場 6408室
恒盛地產控股有限公司,房地產,,http://www.gloriousphl.com.cn/,,,2007年,中國 上海
華潤電力控股有限公司,電力,,http://www.cr-power.com,,,2001年8月27日 香港,香港 灣仔 港灣道 26號 華潤大廈 20樓2001－2002室 中华人民共和国 廣東省 深圳市 南山區 科苑南路2666號 中國華潤大廈 50-52樓
利亞零售有限公司,零售,,http://www.cr-asia.com,,,1985年,香港 九龍 長沙灣道 888號利豐大廈5樓
茂業國際控股有限公司,百貨公司,,http://www.maoye.cn/,,,1996年,中國 廣東 深圳
中國建築興業集團有限公司,建築材料,,http://www.fareastglobal.com,,,1969年,香港 柴灣 新業街8號八號商業廣埸16樓
王朝酒业,酿酒,,http://www.dynasty-wines.com,,,1980,香港 湾仔港湾道18号 中环广场 55楼5506室
天工國際有限公司,高速鋼製造,,http://www.tggj.cn/,,,1984年,江蘇 丹陽
領展房地產投資信託基金,地產業,約900名（管理人）,http://www.linkreit.com/TC/Pages/default.aspx,,,2005年,香港九龍 觀塘 海濱道 77號 海濱匯 1座20樓 [1]
新世界百貨中國,百貨業,"4,820人",http://www.nwds.com.hk/,,,1993年,香港 銅鑼灣興發街88號7樓全層
中国金茂控股集团有限公司,房地產,,http://www.chinajinmao.cn,,,2004年,香港 灣仔 港灣道 1號會展廣場辦公大樓47樓4702-03室
华电福新能源,新能源,,http://www.hdfx.com.cn,,,2004年,中国 福建
大成生化科技集團有限公司,食品 及 生化,,http://www.globalbiochem.com,,,1994年,香港
世茂房地產控股有限公司,房地產,,http://www.shimaoproperty.com,,,1994年,中國 上海
泓富產業信託,房地產信託,,http://www.prosperityreit.com,,,2005年,香港 皇后大道中99號 中環中心 55樓5508至5510室
西證國際證券股份,,,http://www.swsc.hk/,,,1990年,香港
惠理集團有限公司,金融,,http://www.valuepartnersgroup.com.hk,,,1993年,香港 中環 皇后大道中99號中環中心43樓
A8電媒音樂,电子音乐,,http://a8.com,,,,廣東 深圳市 南山區
中国铁塔股份有限公司,通信 、 基建,,http://www.tower.com.cn/default/main/skins/menubar/index.jsp,,,2014年7月18日,中华人民共和国 北京市 海淀区 阜成路73号19层
网龙网络有限公司,网络游戏 运营,,http://www.nd.com.cn/,,,1999年,中国 福建省 福州市
置富產業信託,房地產信託,,http://www.fortunereit.com/,,,2003年,香港 皇后大道中99號 中環中心 55樓5508至5510室
長江生命科技集團有限公司,生物科技,,http://www.ck-lifesciences.com/,,,2000年,香港 大埔工業邨 大富街2號
閱文集團,文化出版,"1,470人 [2] （2016年）",http://www.yuewen.com,,,2015年3月30日 ( 2015-03-30 ) [1],中国 上海市 浦東新區 碧波路690號 [2]
中興通訊股份有限公司,消費電子、電腦硬件,69093名員工（2014年） [2],http://www.zte.com.cn,侯為貴,,中华人民共和国 深圳市 （1985年 ( 1985 ) ）,中华人民共和国 深圳市 南山區 高新技術產業園科技南路55號中興通訊大廈
CEC 國際控股有限公司,電子 、 零售 、 餐飲,,,,,1979年,香港
中国联合网络通信集团有限公司,通信,28.7万人（截至2016年底）,"http://www.10010.com,http://www.chinaunicom.com",,,1994年6月18日 2009年1月6日（重组）,中华人民共和国 北京市 西城区 金融大街 21号
合生創展集團有限公司,房地產,,http://www.hopson.com.cn/,,,,中國 廣東 廣州
筆克,展覽及項目市場推廣服務業,"超過2,000名",http://www.pico.com/zh/,,,1969年,香港 大埔工業邨 大富街4號筆克大樓
创维集团有限公司,电子科技产品,逾3万5千名员工,http://www.skyworth.com,黄宏生,,1988年 ，​30年前 ​（ 1988 ）,中国 广东省 深圳市 南山 高新科技园区
中国国际航空,航空运输,,http://www.airchina.com/,,▲ 人民币2357.17816亿元(2017),2002年10月11日,北京市 朝阳区 霄云路36号国航大厦
信利國際有限公司 ,電子消費品,,http://www.truly.com.hk/,,,1980年代,香港
中國置業投資控股有限公司,地產投資,,http://www.736.com.hk/,,,2007 年,香港 香港 金鐘 金鐘道89號 力寶中心 二座20樓2001室
合和公路基建有限公司,基建,,http://www.hopewellhighway.com,,,,香港
首長四方(集團)有限公司,,,http://www.shougang-grand.com.hk/,,,1993年,中國 香港
中国电信集团有限公司,电信业,28.7万人（截止至2016年底）,"http://www.chinatelecom.com.cn/,http://www.189.cn/",,,1995年4月27日,中华人民共和国 北京市 西城区 金融大街 31号
中泛控股,綜合企業,"18,708",http://www.oceanwide.hk,,,,香港 花園道 1號 中銀大廈 64樓
勝師貨櫃企業有限公司,貨櫃,,"http://www.singasmas.com,/wiki/Wikipedia:%E5%A4%B1%E6%95%88%E9%93%BE%E6%8E%A5",,,,香港 九龍 海濱道 135號 宏基資本大廈 19樓
佐丹奴國際有限公司,零售,"約1,1000人 （2007） [4]",http://www.giordano.com.hk,黎智英 （2000年已退出集团） [2],,香港 ：1981年 [1],香港 九龍 長沙灣道 777至779號天安工業大廈4樓B座
亞洲電視控股有限公司,媒體及娛樂、地產、旅遊、布料及成衣貿易,,http://www.atvgroup.com.hk,,,1993年,香港 大埔工業邨 大盛街31至33號
佳景集團有限公司,,,https://web.archive.org/web/20170626164336/http://futurebrightgroup.com.mo/,,,1984,澳門
中國油氣控股有限公司,天然氣 石油,,http://www.sino-oilgas.hk/,,,,香港 上環 干諾道中 168-200號 信德中心 3707-08室
中国民航信息网络股份有限公司,航空 旅游 及 信息技术,,http://www.travelsky.net,,,2000年,中国 北京
騰訊科技股份有限公司,互聯網,"40,678人（2017年上半年） [2]","https://www.tencent.com/,https://www.wikidata.org/wiki/Q860580#P856",馬化騰 、 張志東 、 許晨曄 、 陳一丹 、 曾李青,,1998年11月11日,中國 廣東省 深圳市 南山區海天二路33號 騰訊濱海大廈
首長國際企業有限公司,,,http://www.shougang-intl.com.hk/,,,1993年,香港 灣仔 告士打道 56號 東亞銀行港灣中心 7樓
北京首都國際機場股份有限公司,機場 營運,,http://www.bcia.com.cn,,,1999年10月15日,中國 北京市 顺义区 四纬路9号（中国服务大厦）
香港國際建設投資管理集團有限公司,建築業,,http://www.hkicimgroup.com,,,1991年在香港及百慕達 (現時 法人 ) [1] [2],香港 One Island South 20樓
亞倫國際集團有限公司,製造業,"5,200",http://www.allan.com.hk/,張倫 先生,,1963年， 香港 北角,香港 鰂魚涌 英皇道 1067號仁孚工業大廈12字樓
超大现代农业（控股）有限公司,农业 产品,,http://www.chaoda.com/,,,1997年,中国 福建 福州
世界華文媒體有限公司,傳媒 ，報刊出版， 印刷 書籍,,http://www.mediachinesegroup.com,金庸,,1959年,百慕大 哈密尔顿 （註冊地） 中國 香港 香港島柴灣 明報工業中心 （香港總部） 马来西亚八打灵再也 （马来西亚總部）
中國海外發展,房地產,,http://www.coli.com.hk/,,,1979年,香港 灣仔 皇后大道東 1號 太古廣場 三座10樓
南海控股有限公司,,,,,,,香港 新界 荃灣 沙咀道 6號嘉達環球中心12樓 [1]
嘉里建設有限公司,房地產,,http://www.kerryprops.com/,,,1978年,香港 鰂魚涌 英皇道 683號 嘉里中心 5樓及22-26樓
亞洲聯網科技,工業,,http://www.atnt.biz,,,1985年 （亞洲電鍍器材） 1991年 （亞洲聯網科技）,百慕達 哈密尔顿 （註冊地） 中國香港 大埔工業邨 （實際總部）
創信國際控股有限公司,鞋類製品代工生產業,,http://www.pegasusinternationalholdings.com/,,,1956年 中華民國 （ 臺灣 ）,香港 九龍大角咀深旺道3號嘉運大廈9樓904室
創科實業有限公司,電機 及 電子 產品製造,,http://www.ttigroup.com/,,,1985年,香港
中国东方航空,航空运输,,http://global.ceair.com,,▲ 1957.09亿元 人民币 (2016),1986年8月9日,中国 上海市 长宁区 虹桥路 2550号
海通国际证券集团,金融业 、 券商 、 投资银行,,http://www.htisec.com,,,1973,香港
中國大冶有色金屬礦業有限公司,,,,,,,
新創建集團有限公司,綜合企業,26600人,http://www.nwsh.com.hk/,鄭裕彤,,2002年,香港 中環 皇后大道中 18號 新世界大廈 28樓
復星國際,綜合企業,"55,800人",http://www.fosun.com,,,1992年,中国 上海市 黄浦区 复兴东路 2号复星商务大厦
中國高速傳動設備集團有限公司,齒輪 及 風力發電 機械 生產,,http://www.chste.com/,,,1969年,中国 江蘇 省 南京 市
卓悅控股有限公司,零售 、 美容,,http://www.bonjourhk.com,,,1991年,香港 新界 荃灣 橫窩仔街36-50號 卓悅集團中心12樓
香港華人有限公司,綜合企業,,http://www.hkchinese.com.hk,,,1992年8月19日 ( 1992-08-19 ) [1],百慕大 哈密尔顿 Clarendon House （註冊地） 香港 香港島金鐘 力寶中心 二座40樓 （實際總部）
Joyce Boutique Holdings Limited,時裝,,http://www.joyce.com/,馬郭志清,,,香港 黃竹坑 香葉道2號One Island South 26樓
利記集團,,,http://www.leekeegroup.com,,,1947年6月15日,香港 新界 大埔工業邨 大發街16號
彩星集團有限公司,地產,,http://www.playmates.net/,,,1966年,香港 九龍 尖沙咀 廣東道 100號彩星集團大廈23樓
三一重装国际控股有限公公司,煤炭行业,,https://web.archive.org/web/20120404125547/http://www.sanyhe.com.cn/,,,2004年1月,中国 辽宁省沈阳市铁西开发区
大眾金融控股有限公司,金融,,http://www.publicfinance.com.hk,,,1977年,香港 香港島 中環 德輔道中 118至120號大眾銀行中心2樓
中視金橋國際傳媒控股有限公司,廣告,,,,,1999年,中国 北京市 朝陽區 光華路9號金橋天階大廈7層 中国 上海市 浦東新區 福山路450號新天國際大廈15D單元 香港 中環 皇后大道中 9號1201-02室
"Fullsun International Holdings Group Co., Limited",,400人,http://www.fullsun.com.hk/tc/index.php,,,1983年,香港
中國核能科技集團有限公司,貴金屬 、綠能發電,,http://www.cnetcl.com/html/about-us,,,2011 年,香港 灣仔 港灣道 26號 華潤大廈 28樓2801室
中國糧油控股,農業加工,,http://www.chinaagri.com/tr/index.html,,,2006年,香港 銅鑼灣 告士打道 262號中糧大厦31樓
豐盛控股,綜合控股,,http://fullshare.com/,季昌群,,2002,
中油燃氣集團有限公司 ,資源 業,,http://www.hk603.com/,,,,香港
怡邦行控股有限公司,,,http://www.ebon.com.hk/,,,1976年﹙於2000年上市﹚,香港
中国外运股份有限公司,航運 及 物流,,http://www.sinotrans.com/,,,2002年,中國 北京
深圳控股有限公司,綜合企業,,http://www.shenzheninvestment.com/,,,1991年,香港 九龍 尖沙咀 科學館道9號新東海商業中心8樓
中國基建投資有限公司,地產,,http://www.china-infrastructure.com,,,2008年,香港
堡獅龍國際集團有限公司,時裝,,https://www.bossini.com/zh_HK/home,羅定邦,,1987年,香港 新界 西貢 將軍澳 唐賢街9號PopOffice 2樓
北京北辰實業股份有限公司,綜合企業,,http://www.beijingns.com.cn/,,,1997年,中國 北京
六福集團（國際）有限公司,珠寶 零售,,http://www.lukfook.com,黃偉常,,1991年,香港 新界 沙田 安耀街2號新都廣場15樓、20樓、25樓及27樓
長城環亞控股有限公司,物業投資,,http://www.armada.com.hk,,,1990年8月22日 ( 1990-08-22 ),香港 皇后大道中99號 中環中心 65樓6507-6510室
中国海螺创业控股有限公司,环保工程,,http://www.conchventure.com/,,,2013年6月24日,中国 安徽省 芜湖市 九华南路1011号
中國東方集團,鋼鐵業,,http://www.chinaorientalgroup.com/,,,,"香港 灣仔 港灣道 23號 鷹君中心 9樓901,902,910室"
南岸集團有限公司,娛樂,,http://www.southshore-holdings.com,,,2006年,
浙江滬杭甬高速公路股份有限公司,公路 建造 及 營運,,http://www.zjec.com.cn/,,,1997年,中國 浙江 杭州
山東墨龍石油機械股份有限公司,石油 機械,,http://www.molonggroup.com/,,,1987年,中國 山東 壽光
珠江船務企業(股份)有限公司,運輸 、 倉儲 、 貨櫃 、 高速公路,,http://www.cksd.com,,,1962年,香港 上環 干諾道中 143號珠江船務大廈
中國通信服務股份有限公司,通信業,,http://www.chinaccs.com.cn/,,,2006年,北京市 东城区 朝阳门北大街19号
阜豐集團,味精 及 黃原膠,,http://www.fufenggroup.net/,,,1999年,中國 山東 莒南
南京熊猫電子股份公司,信息工程 電子,,http://www.panda.cn/,,,"中國,南京 (1936)","中國,南京"
味千（中國）控股有限公司,餐饮,,,,,1996年,中国 上海市 淮海中路333号瑞安广场18层
數字王國集團有限公司,文化創意產業,,"http://ddhl.com/,http://digitaldomain.com,http://d2.com",,,1992年 ，​26年前 ​（ 1992 ） 「 英属香港 」,香港中环皇后大道中5号 衡怡大厦9楼
金利來集團有限公司,服裝,,http://www.goldlion.com,曾憲梓 、 黃麗群,,1968年,香港 新界 沙田 小瀝源 源順圍13-15號金利來集團中心7樓
貿易通電子貿易有限公司,,,http://www.tradelink.com.hk/chi/index.html,,,1988年,香港
裕元工業(集團)有限公司,運動鞋 及 休閒鞋/户外鞋 製造,,http://www.yueyuen.com/,,,1988年,香港 九龍 觀塘偉業街108號絲寶國際大廈22樓
ASM太平洋,半導體,"約14,400人（2016年12月31日） [1]",http://www.asmpacific.com/,,,,香港
呷哺呷哺餐饮管理有限公司,吧台式涮锅餐厅,,http://www.xiabu.com/,,,1998年,中华人民共和国 北京市 大兴区
广深铁路股份有限公司,鐵路運輸,,http://www.gsrc.com/,,,1983年12月15日（广深铁路公司） 1996年3月6日（广深铁路股份有限公司）,中国 广东省 深圳市 罗湖区 和平路1052号
E-Kong Group Limited,電訊服務,,https://web.archive.org/web/20150425010715/http://www.e-kong.com/,,,,香港 中環 置地廣場 告羅士打大廈 37樓3705室
同得仕 (集團)有限公司 ,成衣,,http://www.tungtex.com/,,,1977年,中國
中遠國際控股有限公司,航運 及 物流,,http://www.coscointl.com/,,,1992年,香港 上環 皇后大道中183號 中遠大廈 47樓
中国食品有限公司,食品 制造 、 加工 及 销售,,http://www.chinafoodsltd.com/,,,1993年,香港 銅鑼灣 告士打道 262號中糧大厦33樓
時富金融服務集團有限公司,金融,,http://www.cashon-line.com/,,,,香港
鼎億集團投資有限公司,飲食業,,http://dingyi.hk/,,,2012年2月8日,香港
電視廣播有限公司,電視,4300名僱員及藝人（2018年）,http://www.tvb.com,利孝和 、 邵逸夫爵士 、 余經緯 （皆已故）,,1967年11月19日 ，​51年前 ​（ 1967-11-19 ） （有限公司註冊：1965年7月26日）,香港 新界 新界東 西貢區 將軍澳 將軍澳工業邨 駿才街 77號 電視廣播城
歡悅互娛控股有限公司,銅 業,,http://www.huanyue.com.hk,,,1998年,中國 浙江 慈溪
英皇文化產業集團有限公司,電影製作、電影發行、電視劇製作、電視劇發行、藝人管理,,http://www.empculture.com,,,2005年9月1日,香港
國美電器,,,https://www.gome.com.hk/html/,黃光裕,,1987年1月1日 ，​32年前 ​（ 1987-01-01 ）,中国 北京市
利豐有限公司,貿易 及 物流,,http://www.lifung.com/,李道明、馮柏燎,,1906年,香港 九龍 長沙灣 長沙灣道 888號 利豐大廈 11樓
東風汽車集團股份有限公司,汽車,,http://www.dfmg.com.cn/,,,2004年,中国 湖北省 武汉市
卡森國際控股有限公司,皮革,,http://www.kasen.com.cn/,,,1955年,中國 浙江
俄鋁,重工業,"61,000人（2017年）",http://rusal.ru/,,,2007年3月,俄羅斯 莫斯科
中发展控股有限公司,制造业,,,,,2006年,注册地址： 开曼群岛 [1] 公司总部： 香港 湾仔 告士打道 178号华懋世纪广场22楼2202室
昊天發展集團有限公司,天然氣,,http://www.haotianhk.com,,,2006年,香港 灣仔港灣道30號新鴻基中心49樓
實德環球,,,http://www.successug.com,,,,香港 灣仔港灣道鷹君中心16樓
香港興業國際集團有限公司,房地產,"2,436名",http://www.hkri.com,查濟民,,1989年,香港 上環 干諾道中 168號 信德中心 招商局大廈 23樓
紛美包裝有限公司,製造業,712 (2010年6月30日),http://www.ga-pack.com/cn/,,,,北京 朝陽區 酒仙橋路14號
美聯工商舖有限公司,地產代理,,http://www.midlandici.com.hk/chi/,,,1982年,香港
大新金融集團有限公司,金融業,,http://www.dahsing.com,,,1947年,香港 灣仔 告士打道 108號 光大中心 36樓
广东志高控股有限公司,電器,,http://www.china-chigo.com,,,1994年 ，​25年前 ​（ 1994 ）,中国 廣東 佛山
盈大地產（PCPD）,地產發展,,http://www.pcpd.com,,,,香港
陽光房地產投資信託基金,產業投資信託,,http://www.sunlightreit.com,,,2005年,香港
越南製造加工出口（控股）有限公司,,,http://www.vmeph.com/,,,2005年,香港九龍九龍灣臨興街32號美羅中心1期11樓1109室
福田實業(集團)有限公司,紡織,"約9,900人（2016年12月31日全職僱員人數） [1]",http://www.fshl.com/,,,1969年,香港 新界 葵涌 葵昌路29-39號東海工業大廈A座6字樓
One Media Group ,多媒體傳媒 、雜誌出版,,,,,2005年,香港
謝瑞麟珠寶（國際）有限公司,珠寶 鐘錶,,http://www.tslj.com/zh-hk/home.aspx,謝瑞麟,,1971年,香港 九龍 紅磡 民裕街30號興業工商大廈地下B座
南順（香港）有限公司,,,http://www.lamsoon.com/,,,1930年,香港 新界 大埔 大埔工業邨 大富街21號
SOHO中國,房地產,,http://www.sohochina.com/,潘石屹 、 张欣,,1995年,中国 北京
葉氏化工集團有限公司,化工,,http://www.yipschemical.com,,,,香港
越秀房產信託基金,房地產信託,,http://www.yuexiureit.com/,,,2006年,香港
科通芯城,消费电子产品,750,http://www.cogobuy.com,康敬伟,,2012年2月1日,中国 深圳 南山区 高新技术产业园创维大厦C座9层
權威金融集團有限公司,金融服務、借貸、資產投資,,http://www.powerfinancial.com.hk,,,2010 年,香港皇后大道中183號中遠大廈39樓3910–13室
中國中鐵股份有限公司,基建,,http://www.crec.cn,中國鐵路工程集團 (前稱 中國鐵路工程總公司 ),,2007年,中國 北京
美亞娛樂資訊集團有限公司,影視業,,https://www.meiah.com/,,,1984年,香港 新界 將軍澳工業邨 駿才街28號
北京控股有限公司,綜合企業,,https://web.archive.org/web/20080421231043/http://www.behl.com.hk/,,,1997年,香港 灣仔 港灣道 18號 中環廣場 66樓
中國燃氣控股有限公司,天然氣,,http://www.chinagasholdings.com,,,2001年,香港 灣仔 告士打道 151號 國衛中心 16樓1601室
香港交易及結算所有限公司,金融業,,https://www.hkex.com.hk,,,2000年3月6日 香港,香港 香港島 中環 港景街 1號 國際金融中心 1期10至12樓
中國石油化工股份有限公司,,368593人(截止2013年末),"https://web.archive.org/web/19980206065801/http://www.sinopec.com.cn/,http://www.sinopecgroup.com/english/Pages/index.html",,,2000年,中国 北京市
雲鋒金融集團有限公司,金融 、 金融科技 [2],220人以上 [3],https://www.yff.com/,,,,香港 中環 康樂廣場 8號交易廣場1座3201 - 3204室（總部） 中国 北京市 朝陽區 阜通東大街 1號院望京 SOHO 塔 3B 單元3203 - 3206室
四洲集團有限公司 ,綜合飲食製造,,http://www.fourseasgroup.com.hk,,,1971年,香港 九龍 九龍灣 宏泰道23號 Manhattan Place 21樓
冠力國際有限公司,建築材料,,http://www.chinapipegroup.com,,,2008 年,九龍 尖沙咀 柯士甸路 22-26號A 好兆年行 第一期12樓
YGM貿易有限公司,製造 香港品牌 成衣,,"http://www.ygmtrading.com/,/wiki/Wikipedia:%E5%A4%B1%E6%95%88%E9%93%BE%E6%8E%A5",,,,香港
永泰地產有限公司 ,地產,,http://www.wingtaiproperties.com/html_chi/about_profile.html,,,2010年 1991年8月20日（USI Holdings Limited）,香港
上海實業控股有限公司,綜合企業,,http://www.sihl.com.hk,,,1996年,香港 灣仔 告士打道 39號 夏愨大廈 26樓
莊士機構國際有限公司,,,http://www.chuangs-consortium.com,,,1970年，香港,
江西銅業股份,銅 業,"34,000人",http://www.jxcc.com/,,,1979年7月,中國 江西 南昌 昌东大道7666号
鞍鋼股份有限公司,鋼鐵,,http://www.ansteel.com.cn,,,1997年,中國 遼寧 鞍山
瑞港国际机场集团股份有限公司,機場,,http://www.mlairport.com/autoweb/autoweb/secondpage/hkml_tzzgxhkml_jb.html,,,,中國 海南省 海口市
維他奶國際,飲品業,,http://www.vitasoy.com,羅桂祥,,1940年,香港 屯門 建旺街 1號
文化傳信集團有限公司,出版業,,http://www.culturecom.com.hk,黃玉郎 （又名黃振隆）,,1979年 （玉郎國際集團） 1993年 （文化傳信集團）,百慕大 哈密尔顿 （註冊地） 中國香港 香港島 金鐘 遠東金融中心 15樓1502室 （實際總部）
潼關黃金集團有限公司,礦業,,http://www.tongguangold.com,,,2008 年,香港 金鐘 夏愨道 12號 美國銀行中心 13樓1306室
上海石油化工股份,化學工業,"11,088（2016年） [1]",https://web.archive.org/web/19981205064015/http://www.spc.com.cn/,,,1972年,中國 上海市 金山区
綠地香港控股有限公司,房地产 、 酒店 、 教育,,http://www.greenlandhk.com/,,,1998年,中国 上海市 淮海中路 300号 香港新世界大厦 香港 中环 皇后大道 中99号（香港办事处）
大家樂集團有限公司,快餐,18771名 （不包括聯營公司及合營公司）,http://www.cafedecoral.com,羅騰祥 （故）,,1968年 ，​50年前 ​（ 1968 ） 英屬香港 港島 銅鑼灣 糖街,香港 火炭 禾穗街5-13號
黛麗斯國際有限公司 ,成衣,,http://www.topformbras.com/,,,1963年,香港
思捷環球,時裝業,,http://www.esprit.com/,,,1971年,香港
中國星集團有限公司,地產及影視投資,,http://www.chinastar.com.hk,,,1989年,香港 香港島 上環 干諾道中 168-200號 信德中心 西翼34樓09室 [1]
東建國際控股有限公司,東建國際為一間投資控股公司，其附屬公司之主要業務為證券買賣與投資、於香港及中國進行葡萄酒買賣及資產管理服務。,,http://www.oci-intl.com/html/index.php,,,2000 年,香港 金鐘道88號 太古廣場一期 8樓811室
康師傅控股有限公司,食品,80541人（2013年）,http://www.masterkong.com.cn/,,,1991年,中國 天津市 天津經濟技術開發區 第三大街15號
德永佳集團有限公司,成衣,,http://www.texwinca.com,,,,香港 新界 葵涌 興芳路223號 新都會廣場 第二座16樓
東方海外 (國際) 有限公司,航運,,https://www.ooilgroup.com/Pages/default.aspx,,,1969年,香港 灣仔 港灣道 25號海港中心33樓
中船海洋與防務裝備股份有限公司,船舶制造业,,http://comec.cssc.net.cn/,,,1954年,中国 广东省 广州市 芳村大道 南40号
裕田中國發展有限公司,房地產 、 旅遊地產 、 養老地產 、 葡萄酒莊,,http://www.richlyfieldchinagroup.com/,,,,香港 中環 花園道 3號 中國工商銀行大廈 5樓506室
數碼通電訊集團有限公司,移動通訊及固網光纖寬頻服務,"2,128（2015年12月30日） [1]","https://www.smartone.com,https://www.smartone.com/mo/",,,1992年,香港 九龍 觀塘 觀塘道 378號 創紀之城 2期31樓
冠忠巴士集團有限公司 ,公共交通服務,,http://www.kcbh.com.hk/,,,1948年,香港 柴灣創富道8號 新巴柴灣創富道車廠 三及四樓
偉易達集團,電子,"接近37,000人",http://www.vtech.com,,,1976年,香港
香港中旅國際投資有限公司,綜合企業,,http://www.hkcts.com/,,,1992年,香港 中環 干諾道中 78-83號中旅集團大廈12樓
五菱汽车集团控股有限公司,,,http://www.wuling.com.hk/index.php/cn/,,,2007年,中國 香港 中环干诺道中77号标华丰集团大厦19楼1901室
中化化肥控股有限公司,化肥,,http://www.sinofert.com/,,,1994年,中國 北京
英皇娛樂酒店有限公司,酒店 業務 、娛樂博彩,,"http://www.emp296.com,http://www.grandemperor.com/",,,,香港
長江製衣有限公司,製造 香港品牌 成衣,,,陳瑞球,,1949年,香港 九龍 新蒲崗 大有街
中國富強金融集團有限公司,金融,,http://www.290.com.hk,,,2008 年,香港 灣仔 港灣道 1號 會展廣場辦公大樓 35樓
國泰航空,,,"https://www.cathaypacific.com,https://www.wikidata.org/wiki/Q32141#P856",,▲ 1902.94亿港幣（2018）,,
比亞迪電子(國際)有限公司,手機 元件及 模組,,http://www.byd-electronic.com/,,,2007年,中國 廣東 深圳
華潤啤酒（控股）有限公司,釀酒,,,,,1993,中国 北京 東城區
香港萬洲國際有限公司,食品,,http://www.wh-group.com/,,,1958年,香港 九龍柯士甸道西一號環球貿易廣場7602室
景福集團有限公司,珠寶,,http://www.kingfook.com/,,,1948年,香港 中環 德輔道中 30-32號景福大廈9樓
壹傳媒有限公司,傳媒 、報刊出版、 印刷 、 電視,"2,539人（2019年3月31日） [1]",http://www.nextdigital.com.hk/investor/,黎智英,,1990年,香港 新界 將軍澳工業邨 駿光街 3號、 駿盈街 8號
蒙古能源有限公司,煤礦 業,,http://www.mongolia-energy.com/website/MEC/sc_web/index.php,,,,香港
瑞安房地產有限公司,房地產,,http://www.shuionland.com/,,,2004年,中国 上海
粵海投資有限公司,綜合企業,,http://www.gdi.com.hk/,,,1973年,香港 上環 干諾道中 148號粵海投資大廈28-29樓
金蝶國際軟件集團有限公司,軟件,,http://www.kingdee.com/,,,,中國
中國資源交通集團有限公司,林木業,,http://www.crtg.com.hk/html/index.php,,,,香港 香港 灣仔 港灣道26號 華潤大廈 18樓1801-1807室
中璽國際控股有限公司,,,http://www.irasia.com/listco/hk/ascent,,,,香港 新界 和宜合道 151-157 號勝利工業大廈四樓 [1]
中國雲錫礦業集團有限公司,礦業,,http://www.cytmg.com,,,2008 年,香港 灣仔 港灣道 25號 海港中心 25樓2502-05室
中國中信股份有限公司,綜合企業,"127,610人（截至2016年底） [1]",http://www.citic.com/,,,1985年（泰富發展）,香港 金鐘 添馬 添美道1號 中信大廈 29-32樓
冠城鐘錶珠寶,鐘錶,,http://www.citychampwatchjewellery.com/,,,,香港 西九龍 柯士甸道西 1號 環球貿易廣場 19樓1902-1904室
湯臣集團有限公司 ,綜合 房地產 業、多媒體娛樂業,,http://www.tomson.com.hk/,汤君年,,1989年8月7日 臺灣,中国 上海 世紀大道 100號 上海環球金融中心 72樓 中國香港 干諾道中 111號 永安中心 15樓1501-02及1507-12室
中建置地集團有限公司,電訊設備 ， 住宅 及 商業物業 發展,,http://www.cctland.com/eng/index.php,,,2002年,香港 灣仔 告士打道 77-79號 富通大廈 31樓
中國數碼信息,網路業,"8,000+",http://www.sino-i.com/,于品海,,1999年9月16日,中华人民共和国 北京亦庄经济技术开发区地盛西路1号数码庄园A2座 香港新界荃灣沙咀道6號嘉達環球中心12樓(代表處)
尖沙咀置業集團有限公司,地產,,https://web.archive.org/web/20080706115637/http://www.sino-land.com/,,,1972年,香港
成立,百貨公司,,http://www.sincere.com.hk/,,,1900年1月8日,香港 銅鑼灣 禮頓道 77號 禮頓中心 24樓
白花油,藥油及藥品分銷,,,顏玉瑩 台灣/ 顏福成 顏玉瑩商標持有人 香港/ 顏為善 （註：顏福成、顏福偉為顏玉瑩子，顏為善為顏玉瑩孫）,,1927年（馬來西亞檳城） 1935年（新加坡） 1950年（香港） 1960年（台灣）,
信德集團有限公司,地產 、 旅遊,,https://web.archive.org/web/20060702220516/http://www.shuntakgroup.com/,,,1972年,香港 干諾道中 200號 信德中心 西座39樓 （於 澳門 設有辦公室）
利基控股有限公司,建築,,http://www.buildking.hk/,,,1980年,香港 九龍 觀塘 偉業街 223號 宏利金融中心 B座六樓601至605A室
幸福控股（香港）,石油及天然氣,,http://www.irasia.com/listco/hk/avicjoyhk/index.htm,,,2005年,香港
品質國際,半導體,,http://www.qplhk.com/,,,,香港
阿里健康信息,綜合企業,,,,,2004年,中國
中國航空工業國際,綜合企業,,http://www.irasia.com/listco/hk/avic,,,1999 年,香港
中國能源開發控股有限公司,石油及天然氣,,http://www.cnenergy.com.hk/html/index.php,,,2006 年,香港 上環 干諾道中 168-200號 信德中心 36樓3607室
五礦地產,房地產 發展及專業 建築 [1],,http://www.minmetalsland.com/,,,1993年 (東方有色) 2007年 (五礦建設),香港 尖沙嘴 中國五礦大廈18樓 [1] 中國 北京 五矿广场A座七层 [2] 百慕達 (註冊地) [1]
易易壹金融集團  ,金融業,,,,,2010年,香港 九龍 九龍灣 宏光道9號位元堂藥業大廈5樓 巴布亞新畿內亞
统一企业中国控股有限公司,食品,,http://www.uni-president.com.cn/,,,1992年,中华人民共和国 上海市 長寧區
中國誠通發展集團有限公司,地產-內地,,http://www.hk217.com,,,2003 年,香港 灣仔 港灣道 18號 中環廣場 64樓6406室
瀛晟科學,綜合企業,,http://www.tricor.com.hk/webservice/000209/financial_report_tc.asp,,,2011年,香港
達芙妮國際,鞋 類用品,"26,000 (2004年)",http://www.daphneholdings.com/,,,1987年,香港
大凌集團有限公司,金融,,http://www.styland.com,,,1977年,香港 九龍 觀塘 開源道 61號金米蘭中心28樓
和記電訊香港控股有限公司,電訊,,http://www.hthkh.com,,,2009年,香港 新界 青衣 長輝路99號和記電訊大廈
大悅城地產有限公司,地產,,http://www.joy-cityproperty.com/,,,1973年於香港 (明仁企業投資) [1] 1992年於香港及百慕大 (現時 法人 ) [1] [2],香港 銅鑼灣 中粮大厦33樓 (實際總部) 百慕大 哈密尔顿 (註冊地)
新濠國際發展有限公司,綜合企業,,https://www.melco-group.com/,,,1910年,香港
廖創興企業有限公司 ,地產,,http://www.lchi.com.hk,,,1970年,香港
協合新能源集團,公用事業,,http://www.cnegroup.com,,,2007年 (借殼上市),中國北京 (總部) 百慕大哈密尔顿 (註冊地) 中國香港 (第二註冊地)
宏輝集團控股有限公司,地產,,https://web.archive.org/web/20120314131352/http://ir.sinodelta.com.hk/richfieldgp/chi/index.htm,,,2002年,香港 中環 皇后大道中九號 6樓A室
德昌電機控股有限公司,電子元件,,http://www.johnsonelectric.com/en/index.html,,,1959年,香港
莎莎國際控股有限公司,化妝品,3493人(2011年),http://web1.sasa.com/SasaWeb/splash.jsp,,,1978年,香港 柴灣 嘉業街18號 明報工業中心 B座14樓
銀建國際實業有限公司 ,金融,,,,,1960年,香港
吉利汽車,重工業 、 汽車製造,50000人（2017年）,http://www.geely.com/,李书福,,1996年,中国 浙江省 杭州市 滨江区 江陵路1760号
嘉華國際集團有限公司 ,地產,,http://www.kwih.com,呂志和 博士,,,香港北角渣華道191號嘉華國際中心二十九樓
青岛啤酒股份有限公司,,,http://www.tsingtao.com.cn/index.shtml,,,1903年,中国 山東省 青岛市
中國光大控股有限公司,金融,,http://www.everbright165.com.hk/,,,1997年,香港 金鐘 夏愨道 16號 遠東金融中心 46樓
江蘇寧滬高速公路股份有限公司,公路 建造 及 營運,,http://www.jsexpressway.com/,,,1992年,中國 江蘇 南京
英皇集團（國際）有限公司,物業租賃、銷售物業及諮詢與顧問服務,,http://www.EmperorInt.com/,,,1990年,香港 灣仔 軒尼詩道 288號 英皇集團中心 28樓
世紀金花商業控股有限公司,百貨,,"http://www.centuryjinwa.com/,/wiki/Wikipedia:%E5%A4%B1%E6%95%88%E9%93%BE%E6%8E%A5",,,,香港 灣仔 告士打道 光大中心 17樓1701-1703室
自然美生物科技股份有限公司,美容,160人,http://www.nblife.com/,蔡燕萍,,1972年,中華民國 （ 臺灣 ） 臺北市 信義區 松勤街9號4樓 中国 上海市 静安区 昌平路 958号 自然美大厦 香港 中環 皇后大道中 99號 中環中心 35樓3512室
深圳國際控股有限公司,物流,,http://www.szihl.com/,,,2000年,香港 九龍 尖沙咀 科學館道1號康宏廣場南座22樓2206-2208室
中國旺旺控股有限公司,食品,,http://www.wantwant.com.cn/,,,2007年,中华人民共和国 上海市 红松东路1088号
建滔化工集團,覆銅面板 生產,,http://www.kingboard.com/,,,1988年,香港
第一太平有限公司 ,綜合企業,,http://www.firstpacific.com,,,1988年10月27日,中環 交易廣埸二座24樓
招商局港口,港口、 物流,"5,760人（2016年12月31日全職員工人數） [1]",http://www.cmport.com.hk/,,,1992年,香港 上環 干諾道中 168-200號 信德中心 招商局大廈38樓
中國源暢光電能源控股  ,新能源材料,,,,,2006年,香港 灣仔 港灣道 26號華潤大廈4003–4005室
中建富通集團有限公司,電訊設備,,http://www.cct-fortis.com/chi/investor/investor.php,,,1984年,香港 灣仔 告士打道 77-79號 富通大廈 31樓
卓能(集团)有限公司,地產 業,,http://www.cheuknang.com.hk/,赵世曾,,,香港 湾仔 轩尼诗道 250號 卓能广场 30-35楼
昆仑能源有限公司,石油 及 天然氣 勘探,,https://web.archive.org/web/20111030045847/http://www.kunlun.com.hk/Default.action,,,1994年,香港 干诺道西118号39楼
佳寧娜集團控股有限公司,綜合企業,,http://www.carrianna.com,馬介璋 、 馬介欽,,,香港 新界葵涌大連排道200號偉倫中心第二期26樓
越秀地產股份有限公司,房地產,,http://www.yuexiuproperty.com/,,,2009年,香港 灣仔 駱克道 160號越秀大廈26樓 中华人民共和国 廣州 天河區 珠江西路6號 廣州國際金融中心 1103室及1501室
華人置業集團,房地產,1017人（2013年）,http://www.chineseestates.com/cht/index.aspx,馮平山 、 李冠春,,1922年,香港 灣仔告士打道38號 中國恆大中心 26樓
粵海置地控股,房地產發展及投資業務,,http://www.gdland.com.hk/,,,1990年,香港 上環 干諾道中 148號粵海投資大廈18樓
鱷魚恤公司,成衣,,http://www.crocodile.com.hk/,,,1952年,香港 九龍 觀塘 興業中心12樓
保利置業集團有限公司,房地產,,http://www.polyhongkong.com.hk/,,,1973年,香港
鈞濠集團有限公司,地產,,,,,,香港 九龍 尖沙咀 廣東道 33號 中港城 第五座10樓1004B室
周生生集團國際有限公司,黃金、珠寶,,http://www.chowsangsang.com/en/Home,周芳譜,,1934年廣州西關,香港
四川成渝高速公路股份有限公司,公路基建,600（2013年）,http://www.cygs.com/,,,1997年,四川省成都市
凱升控股有限公司,博彩娛樂,,http://www.summitascentholdings.com,,,,香港 銅鑼灣 屈臣道 15號 維多利中心 6樓
恒基兆業發展,基建,,http://www.hilhk.com/,,,1970年,香港 中環 金融街 八號 國際金融中心 二期71-76樓
普星潔能有限公司,清潔能源發電,,,,,2004年,中國浙江省
大生地產發展有限公司,地產,,http://www.taisangland.com.hk/,馬錦燦,,1968年9月20日 （大懋有限公司）,香港 中環 德輔道中 130-132號 大生銀行大廈11樓
標準資源控股有限公司,煤層氣業務 、 集成電路,,http://www.intl-standardresources.com,,,2013年；1981年（標準資源前身時期）,香港
大昌集團,地產 及 酒店,,http://www.taicheung.com/,,,1992年,香港 中環 遮打道 3號A 香港會所大廈 20樓
新鴻基有限公司 ,金融,,http://www.shkco.com/,,,1969年,香港
信和置業有限公司,地產,,http://www.sino.com,,,1981年,香港 九龍 梳士巴利道 尖沙咀中心 11至12樓
第一视频集团有限公司,新媒体,,http://ir.v1group.com.hk/,,,2005年6月,香港 中环皇后大道中15号置地广场 公爵大厦 35楼3506室 [1]
太古集團,綜合企業,,http://www.swirepacific.com,約翰·施懷雅,,1923年 [來源請求] 1940年 （現時 法人 ）,香港 金鐘道88號 太古廣場 一座33樓
中國電子集團控股  ,電子,,,,,2004年,香港 灣仔 港灣道 26號 華潤大廈 34樓3403室
中國海外宏洋集團,房地產,,http://www.cogogl.com.hk/,,,2009年,香港
恒隆地產有限公司,地產 、 停車場,,http://www.hanglung.com/,,,,香港 中环德辅道中四号渣打银行大厦二十八楼
進智公共交通控股有限公司,專綫及非專綫小型巴士服務,,http://www.amspt.com/,黃文傑 （已故）,,,香港
美麗華酒店企業有限公司,酒店,,http://www.miramar-group.com/,,,1957年,香港
香格里拉(亚洲)有限公司,酒店,,http://www.ir.shangri-la.com,,,1992年8月14日,香港 鲗鱼涌 英皇道 683号 嘉里中心 28楼
載通國際控股有限公司,運輸、地產及媒體銷售,,http://www.tih.hk/,,,1933年,百慕大 （註冊辦事處） 香港 （總辦事處）
中國旭光高新材料集團有限公司,原材料,,http://www.lumena.hk,,,,香港 西九龍 柯士甸道西 1號 環球貿易廣場 75樓7503B、7504及7505室
香港鐵路有限公司,第三產業,31896人(海外員工佔14270人) （截至2018年12月31日）,http://www.mtr.com.hk/,,,1972年： 成立「地下鐵路臨時管理局」 1975年9月26日： 取代為「地下鐵路公司」 2000年4月26日： 改組為「地鐵有限公司」 2000年10月5日： 於 港交所 主板上市 2007年12月2日： 兩鐵合併 易名為「香港鐵路有限公司」,香港 九龍灣 偉業街 33號 德福廣場 港鐵總部大樓 （ 觀塘區 ） [2]
海港企業有限公司,地產 及 酒店,,http://www.harbourcentre.com.hk/,,,1971年,香港 九龍 廣東道 海港城 海洋中心 十六樓
中星集團控股有限公司,投資控股,,,,,1979年,香港
國浩集團,金融,,http://www.guoco.com,,,1991年,香港中環皇后大道中99號中環中心50樓
香港小輪（集團）有限公司,渡輪,,http://www.hkf.com,,,1989年,香港
卜蜂國際有限公司,投資控股公司,"約6,400（2009年12月，包括共同控制企業）",http://www.cpp.hk/,,,1987年,香港 夏愨道 16號 遠東金融中心 21樓
大快活集團有限公司,,"約4,900名（2016年）",http://www.fairwood.com.hk/,羅芳祥,,1972年 ，​46年前 ​（ 1972 ） 英屬香港 新界 荃灣 眾安街,香港 北角 丹拿道18號 愛群商業中心2樓
金山工業（集團）有限公司,電子工業,,http://www.goldpeak.com/,,,1964年,
鷹君集團有限公司,地產 及 酒店,,http://www.greateagle.com.hk/html/eng/main/index.jsp,,,1963年,香港
遠東控股國際有限公司,綜合企業,,http://www.feholdings.com.hk,,,,香港 德輔道中 121號 遠東發展大廈16樓
东北电气发展股份有限公司,电器机械及器材制造业,,,,,,
遠東發展有限公司,房地產 、 酒店 、 停車場,,http://www.fecil.com.hk/,邱德根,,,香港 中環 德輔道中 121至123號 遠東發展大廈16樓
港通控股,投資,,http://www.crossharbour.com.hk/,,,1965年4月26日 ( 1965-04-26 ) [1],香港 灣仔 港灣道 26號 華潤大廈 3301-07室
九龍建業,地產,,https://www.kdc.com.hk/chi/index.html,,,1961年,香港 九龍 彌敦道 750號 始創中心 23樓
遠東酒店實業有限公司,酒店 經營、物業收益、 證券 買賣及投資控股,約100人,http://www.tricor.com.hk/webservice/00037,,,1979年,香港 灣仔 告士打道 200號 新銀集團中心19樓1902室
中國航天國際控股有限公司,航天,,http://www.casil-group.com/,,,,香港 九龍 紅磡 德豐街十八號 海濱廣場 一座11字樓1103-1107A室
天安中國投資有限公司,綜合企業,,http://www.tiananchina.com,,,,
其士國際集團有限公司,綜合企業,,https://web.archive.org/web/20071114085410/http://www.chevalier.com/cindex.asp,,,1970年,香港 九龍 九龍灣 宏開道8號其士商業中心22樓
寶威控股,鋼鐵,,,陳城,,,
銀河娛樂集團有限公司 ,娛樂 、 博彩,"30,000人（2015年）",http://www.galaxyentertainment.com,,,2005年,澳門
東亞銀行有限公司,金融業,,http://www.hkbea.com,,,1918年 英屬香港,香港
中華汽車有限公司,,,https://www.irasia.com/listco/hk/cmb/index.htm,顏成坤,,1923年,香港
九龍倉集團有限公司,綜合企業,,http://www.wharfholdings.com,,,1886年,香港 九龍廣東道 海港城 海洋中心 16樓
香港中華煤氣有限公司,燃氣生產、供水、新興環保能源業務、電訊,"2,022 (2017)",http://www.towngas.com/,,,1862年,香港 鰂魚涌 渣華道 363號
長江和記實業有限公司,綜合企業,,http://www.ckh.com.hk/,李嘉誠,,,香港 中環 皇后大道中 2號 長江集團中心 48樓
中電控股,電力,,http://www.clpgroup.com,,,1901年,香港 九龍 紅磡 海逸道8號 海逸坊 2及3樓
大中華地產控股有限公司,,,http://www.greatchinaproperties.com/,,,,
